;SiteName: Dalby,,,,,,,,,,,,,,,,,,
;Memory: Hourly Data,,,,,,,,,,,,,,,,,,
;Date, Time,MAXIMUM Wind Speed,AVERAGE Wind Speed,STDEV Wind Speed,AVERAGE Wind Direction,AVERAGE Wind Direction DESCRIPTION,S THETA Wind Direction,MAXIMUM Peak Wind Gust,VWSP Inst  Wind Speed,VWDIR Inst  Wind Direction,VWDIR Inst  Wind Direction DESCRIPTION,AVERAGE Relative Humidity,AVERAGE Solar Radiation,TOTAL Rain Gauge,AVERAGE Air Temperature,CURRENT Evaporation,AVERAGE Dew Point,MINIMUM Battery Voltage
1/04/2016,0:00:00,5.7,3.2,0.7,271.6,W,19.7,7.1,3,268.4,W,82.5,0.5,0,15.7,-0.004,12.8,12.94
1/04/2016,1:00:00,5,2.8,1,246.6,WSW,25.2,5.9,2.6,241.4,WSW,84.9,0.5,0,15.7,-0.006,13.1,12.92
1/04/2016,2:00:00,5,3.3,0.7,256.8,WSW,10.2,5.9,3.2,257,WSW,90.5,0.5,0,15,-0.008,13.5,12.9
1/04/2016,3:00:00,4.6,3.4,0.5,253.4,WSW,12.1,5.9,3.3,253.5,WSW,93.4,0.5,0,14.8,-0.01,13.7,12.88
1/04/2016,4:00:00,4.4,3,0.5,272.1,W,24.1,4.7,2.7,271.6,W,96.8,0.5,0,15.3,-0.012,14.8,12.86
1/04/2016,5:00:00,7.6,5.3,1.2,291.3,WNW,6.3,9.5,5.3,290.9,WNW,97.2,0.5,0,15.7,-0.01,15.2,12.84
1/04/2016,6:00:00,4.8,3.8,0.4,289.3,WNW,6.3,5.9,3.8,289.3,WNW,98.3,0.7,0,15.6,-0.012,15.3,12.81
1/04/2016,7:00:00,10.7,7.2,1.4,280.2,W,7.5,13,7.2,279.6,W,99.1,61,0,16.4,-0.009,16.2,12.82
1/04/2016,8:00:00,12.2,9.1,1.5,250.3,WSW,15.8,16.6,8.8,249.3,WSW,95.2,259.1,0,19.5,0.114,18.6,13.67
1/04/2016,9:00:00,13.7,9.7,2.1,209.5,SSW,18.1,17.8,9.3,211,SSW,84.8,485.5,0,23.3,0.28,20.6,13.81
1/04/2016,10:00:00,12.8,8.3,2.1,184.5,S,38.7,16.6,6.8,187.3,S,72.4,691.8,0,25.8,0.454,20.5,13.79
1/04/2016,11:00:00,13.3,5.9,2.7,188.7,S,78.4,16.6,2.7,192.6,SSW,65.8,550.8,0,27.1,0.409,20.1,13.77
1/04/2016,12:00:00,12,5.4,2.2,149.1,SSE,85,16.6,2.1,82.7,E,55.5,859.2,0,29.2,0.624,19.4,13.79
1/04/2016,13:00:00,11.9,6.8,2.7,139.9,SE,78.2,20.1,3.1,70.9,ENE,50.4,893.3,0,30.5,0.674,19,13.77
1/04/2016,14:00:00,9.8,5.6,2.3,93.6,E,54.7,15.4,4.2,35.6,NE,48.5,705.2,0,31.3,0.564,19.2,13.79
1/04/2016,15:00:00,13.6,5.9,2.5,182.9,S,86.1,17.8,2.2,337.3,NNW,48.9,557.6,0,30.8,0.446,18.8,13.73
1/04/2016,16:00:00,9.1,4.3,1.6,147.8,SSE,85,11.8,1.5,98.5,E,45.7,448.1,0,31.5,0.363,18.4,13.61
1/04/2016,17:00:00,10,5.3,2.2,234,SW,57.8,13,3.8,327,NNW,45.5,239.8,0,30.6,0.221,17.5,13.67
1/04/2016,18:00:00,7,3.2,1.7,302.4,WNW,29.6,8.3,2.9,321.4,NW,48,32.5,0,29.1,0.072,17,13.04
1/04/2016,19:00:00,6.9,2.7,1.6,230,SW,40.4,8.3,2.5,216.1,SW,59.9,0.6,0,25,0.009,16.6,13.02
1/04/2016,20:00:00,8.2,5.7,1.1,207.3,SSW,9.4,10.6,5.6,208.3,SSW,65.8,0.5,0,24.2,0.03,17.4,13
1/04/2016,21:00:00,12.1,8.5,1.7,210.6,SSW,10.8,18.9,8.3,209.6,SSW,68.1,0.5,0,23.6,0.044,17.4,12.98
1/04/2016,22:00:00,12.8,9.2,1.7,203.6,SSW,8.5,16.6,9.1,204.1,SSW,74.9,0.5,0,22.8,0.036,18.1,12.98
1/04/2016,23:00:00,7.3,4.5,0.9,211.5,SSW,16.4,9.5,4.4,211.9,SSW,83.5,0.5,0,20.8,0.003,17.9,12.94
2/04/2016,0:00:00,4.2,2.6,0.7,267.8,W,31.7,4.7,2.3,259.6,W,87.8,0.5,0,19.3,-0.007,17.2,12.94
2/04/2016,1:00:00,4.3,2,1.1,93.1,E,44.9,4.7,1.6,42.8,NE,89.5,0.5,0,18.2,-0.01,16.5,12.92
2/04/2016,2:00:00,4.2,2.7,0.7,287.9,WNW,16.5,4.7,2.6,342.3,NNW,92.8,0.5,0,16.8,-0.01,15.6,12.9
2/04/2016,3:00:00,3.4,1.8,0.9,292.7,WNW,17.3,3.5,1.7,342.2,NNW,94.4,0.5,0,16.4,-0.012,15.5,12.88
2/04/2016,4:00:00,4.1,1.4,1.1,279.2,W,35.7,4.7,1.3,323.8,NW,95.2,0.5,0,15.7,-0.013,14.9,12.86
2/04/2016,5:00:00,2.5,1,0.6,243.6,WSW,65.8,3.5,0.7,282.5,WNW,96.9,0.5,0,15,-0.014,14.5,12.82
2/04/2016,6:00:00,1.7,0.5,0.5,229.9,SW,78,2.4,0.2,291.8,WNW,97.2,0.7,0,14.5,-0.015,14,12.81
2/04/2016,7:00:00,3.1,1.3,0.7,201.5,SSW,44.7,3.5,1,208.6,SSW,98,62.7,0,15,-0.012,14.7,12.81
2/04/2016,8:00:00,6.3,3,1.5,192,SSW,60.2,8.3,1.8,166.3,SSE,92.5,258.7,0,19.5,0.127,18.2,13.71
2/04/2016,9:00:00,10.9,7.6,1.8,145.2,SE,21.5,14.2,7.1,143.9,SE,83.7,478.2,0,22.7,0.279,19.7,13.81
2/04/2016,10:00:00,12.5,9.4,1.7,144.9,SE,24.8,20.1,8.6,145.5,SE,69.4,671,0,25.9,0.444,19.8,13.79
2/04/2016,11:00:00,15.7,10,2.6,131.8,SE,35.5,20.1,8.4,128.9,SE,62.9,812.5,0,28.2,0.573,20.4,13.79
2/04/2016,12:00:00,14.6,7.4,3,124.6,SE,54.5,17.8,5.1,116.5,ESE,59.4,872.8,0,29.9,0.644,21.1,13.79
2/04/2016,13:00:00,14.3,7.4,3,96.6,E,50.9,17.8,5.8,73.9,ENE,53.4,905.8,0,31.9,0.698,21.2,13.79
2/04/2016,14:00:00,13.1,6.9,2.7,175.7,S,71,20.1,3.7,349.4,N,48.7,819,0,32.4,0.646,20.2,13.79
2/04/2016,15:00:00,12.9,6,3,251.5,WSW,61.1,17.8,4.1,300.1,WNW,48,510,0,32.2,0.433,19.8,13.61
2/04/2016,16:00:00,12.1,6.3,2.8,249.5,WSW,52.8,15.4,4.8,313.7,NW,44.5,487.8,0,32.8,0.412,19.1,13.77
2/04/2016,17:00:00,13.3,7.8,3.4,285.9,WNW,44.2,17.8,6.5,309.4,NW,43.2,249.2,0,32.5,0.264,18.4,13.47
2/04/2016,18:00:00,9.9,6,1.7,310.6,NW,19.1,13,5.7,325.7,NW,43.5,45.7,0,31.2,0.117,17.3,13.04
2/04/2016,19:00:00,5.6,3.4,0.8,312.8,NW,15.9,7.1,3.3,336.1,NNW,51.5,0.6,0,27.6,0.025,16.7,13.02
2/04/2016,20:00:00,4.8,3.4,0.8,302.8,WNW,40.8,5.9,2.7,312.8,NW,57.7,0.5,0,25,0.019,16,13
2/04/2016,21:00:00,10.4,3.8,2.4,279.9,W,11.4,15.4,3.7,277.3,W,66.2,0.5,0,22.3,0.013,15.7,12.98
2/04/2016,22:00:00,4.7,3.7,0.6,250,WSW,25.5,5.9,3.3,251.8,WSW,72.1,0.5,0,20.8,0.008,15.6,12.96
2/04/2016,23:00:00,6,3.4,1.3,171.7,S,34.3,7.1,2.9,176,S,76.2,0.5,0,20.8,0.003,16.5,12.94
3/04/2016,0:00:00,3.8,2,0.9,261.1,W,48.9,4.7,1.6,285.4,WNW,79.4,0.5,0,19.3,-0.007,15.7,12.94
3/04/2016,1:00:00,4,1.9,0.9,215.7,SW,72.7,4.7,1,353.3,N,82.1,0.5,0,18.3,-0.008,15.2,12.92
3/04/2016,2:00:00,3.4,1.4,0.9,87.6,E,24.1,3.5,1.3,21.5,NNE,85.5,0.5,0,17.1,-0.011,14.7,12.9
3/04/2016,3:00:00,3.5,1.5,1,248.8,WSW,45.9,4.7,1.1,326.3,NNW,89,0.5,0,16.2,-0.012,14.4,12.86
3/04/2016,4:00:00,4,1.3,1,191.4,SSW,66.6,4.7,0.9,5.8,N,90.2,0.5,0,15.8,-0.012,14.2,12.84
3/04/2016,5:00:00,3.9,1.8,1.1,76.2,ENE,27.8,4.7,1.7,25.5,NNE,93.9,0.5,0,15.5,-0.012,14.5,12.82
3/04/2016,6:00:00,3.7,1.1,1,271,W,42.5,4.7,1,260.2,W,94.8,0.7,0,14.8,-0.014,14,12.81
3/04/2016,7:00:00,3.4,1.5,0.7,220.5,SW,40.9,4.7,1.2,232.3,SW,95.6,58.6,0,15.3,-0.014,14.6,12.81
3/04/2016,8:00:00,4.8,2.2,0.7,222.4,SW,62.4,8.3,1.1,242.6,WSW,86.7,256.4,0,20.8,0.133,18.4,13.73
3/04/2016,9:00:00,9.6,5.4,1.7,128.2,SE,37.8,13,4.5,128.1,SE,75.8,474.3,0,23.6,0.295,19.1,13.79
3/04/2016,10:00:00,7.2,3.4,1.4,184,S,100.9,8.3,0.2,148.1,SSE,67,667,0,26.2,0.454,19.6,13.79
3/04/2016,11:00:00,9.5,4.4,1.9,210.3,SSW,84.3,13,1.9,279.6,W,61.9,806.2,0,28.4,0.578,20.4,13.79
3/04/2016,12:00:00,16.1,7.8,3.1,258.7,WSW,47,18.9,5.9,268.4,W,57.5,874.2,0,29.8,0.645,20.4,13.79
3/04/2016,13:00:00,14.3,8.6,2.4,251.6,WSW,42.1,20.1,6.9,255.9,WSW,51,867.9,0,31.4,0.674,20,13.79
3/04/2016,14:00:00,15.4,9.7,3,238.8,WSW,42.2,21.3,7.9,247.2,WSW,45.9,771.9,0,32.4,0.629,19.2,13.77
3/04/2016,15:00:00,19.8,10.9,3.4,238.2,WSW,36,36.7,9.3,238.4,WSW,43.8,517,0,32.5,0.486,18.6,13.63
3/04/2016,16:00:00,19.9,12.7,2.5,232,SW,25.7,33.1,11.6,231,SW,42.5,456.5,0,32.4,0.444,18,13.79
3/04/2016,17:00:00,20.5,14.6,2.7,224.3,SW,16.4,26,14,224.5,SW,43.8,200.7,0,31.2,0.3,17.5,13.34
3/04/2016,18:00:00,20.6,15.8,2.4,200.6,SSW,9.5,28.4,15.6,200.6,SSW,52.6,39.2,0,28.9,0.185,18.2,13.04
3/04/2016,19:00:00,22.1,12.6,2.6,202.4,SSW,8.1,28.4,12.4,202.6,SSW,58.6,0.6,0,27.1,0.1,18.3,13.02
3/04/2016,20:00:00,22.5,16.8,2.8,199.1,SSW,8.9,31.9,16.6,199.2,SSW,64.4,0.5,0,25.4,0.106,18.2,13
3/04/2016,21:00:00,19.5,12.9,2.4,192.8,SSW,9.3,26,12.8,192.8,SSW,71.9,0.5,0,23.7,0.06,18.3,12.98
3/04/2016,22:00:00,17,13.3,2,199.6,SSW,9.4,21.3,13.1,199.8,SSW,78.4,0.5,0,22.3,0.043,18.4,12.98
3/04/2016,23:00:00,18.7,12.4,2.5,197.2,SSW,10.7,22.5,12.2,198.2,SSW,84.4,0.5,0,21.3,0.025,18.6,12.96
4/04/2016,0:00:00,11.5,7.8,1.4,196.2,SSW,10.1,16.6,7.7,196.3,SSW,87.7,0.5,0,20.5,0.007,18.4,12.94
4/04/2016,1:00:00,9.1,6.1,1.5,222.9,SW,17.8,11.8,5.8,219.5,SW,91.1,0.5,0,19.8,-0.002,18.3,12.92
4/04/2016,2:00:00,5,3.9,0.6,261.4,W,11.2,7.1,3.9,261.9,W,94.5,0.5,0,18.3,-0.009,17.4,12.9
4/04/2016,3:00:00,4.6,2.8,0.9,273,W,18.6,4.7,2.7,273.1,W,95.4,0.5,0,17.4,-0.011,16.6,12.88
4/04/2016,4:00:00,5.9,3.4,1,299,WNW,9.2,8.3,3.3,298.2,WNW,95.6,0.5,0,17,-0.011,16.2,12.86
4/04/2016,5:00:00,6.7,4.9,1.3,278.1,W,13.3,8.3,4.7,280.5,W,96.3,0.5,0,16.8,-0.01,16.2,12.82
4/04/2016,6:00:00,5.4,3.9,1,263.4,W,9.6,7.1,3.9,263.9,W,98.3,0.7,0,15.8,-0.012,15.5,12.81
4/04/2016,7:00:00,9.9,6.1,2.5,275.6,W,7.6,13,6,276.4,W,98.5,56.9,0,16.8,-0.011,16.5,12.81
4/04/2016,8:00:00,13.7,9.8,1.6,260.2,W,16.6,18.9,9.4,258.9,W,89.5,248.8,0,20.2,0.12,18.4,13.69
4/04/2016,9:00:00,22.8,14.9,2.6,220.4,SW,17.1,29.6,14.3,220.1,SW,78,466.9,0,23.1,0.275,19,13.79
4/04/2016,10:00:00,25.6,15.7,2.8,218.6,SW,17.2,33.1,15.1,219.6,SW,70.4,663.5,0,25.5,0.424,19.7,13.79
4/04/2016,11:00:00,21.3,15.4,2.8,217.8,SW,20,27.2,14.5,217.9,SW,65.5,692.8,0,26.8,0.482,19.8,13.79
4/04/2016,12:00:00,22.7,15.9,2.7,229,SW,20.8,27.2,14.9,229,SW,62.1,757.9,0,27.8,0.538,19.9,13.79
4/04/2016,13:00:00,19.8,14.4,2.8,224.3,SW,24.3,26,13.2,223.8,SW,58.8,669.4,0,28.5,0.512,19.7,13.79
4/04/2016,14:00:00,24.7,14.6,3.7,222,SW,24.6,35.5,13.4,219.1,SW,52.4,642.7,0,29.4,0.525,18.7,13.79
4/04/2016,15:00:00,21.3,15.3,2.9,220.3,SW,20.6,26,14.4,220.3,SW,51.4,532.4,0,29.6,0.464,18.5,13.75
4/04/2016,16:00:00,21.1,15,3.2,228.9,SW,18.1,28.4,14.3,229.5,SW,52.3,365.9,0,29,0.359,18.3,13.75
4/04/2016,17:00:00,22.4,16.1,2.8,218.8,SW,16.8,27.2,15.4,219.8,SW,53,210,0,28.3,0.267,17.8,13.49
4/04/2016,18:00:00,21.1,13.3,2.6,212.6,SSW,9.8,28.4,13.1,213.2,SSW,55.3,37.1,0,26.7,0.147,17,13.04
4/04/2016,19:00:00,17,10.1,1.8,208.7,SSW,8.4,20.1,10,209.3,SSW,58.5,0.5,0,24.9,0.077,16.2,13.02
4/04/2016,20:00:00,10.5,7.4,1.5,215.3,SW,11.4,15.4,7.3,214.3,SW,64.3,0.5,0,23.2,0.043,16.1,13.02
4/04/2016,21:00:00,12.7,8.6,1.8,226.8,SW,9.3,15.4,8.5,227.1,SW,67.7,0.5,0,22.1,0.043,15.9,13
4/04/2016,22:00:00,11.8,8.4,1.6,218.1,SW,11.6,15.4,8.2,217.1,SW,70.9,0.5,0,20.9,0.036,15.5,12.98
4/04/2016,23:00:00,8.6,6.5,1,227.8,SW,12.1,10.6,6.4,227.1,SW,76.6,0.5,0,19.3,0.017,15,12.96
5/04/2016,0:00:00,10.2,7.5,1.1,220.6,SW,10.9,11.8,7.3,220.1,SW,80.5,0.5,0,19,0.015,15.5,12.94
5/04/2016,1:00:00,8.9,6.4,1.4,236.7,WSW,16,10.6,6.2,234.7,SW,85,0.5,0,18,0.006,15.5,12.92
5/04/2016,2:00:00,8.3,5.4,1.1,260.5,W,9.4,9.5,5.4,260.4,W,89.3,0.5,0,16.8,-0.002,15,12.9
5/04/2016,3:00:00,7.4,5.6,1.1,262.2,W,9.3,9.5,5.5,262.7,W,90.9,0.5,0,16.5,-0.004,15.1,12.86
5/04/2016,4:00:00,3.8,2.8,0.8,266.7,W,32.6,4.7,2.5,268.9,W,92.7,0.5,0,15.2,-0.01,14.1,12.84
5/04/2016,5:00:00,6.6,4,1.3,274.7,W,13.7,8.3,3.9,275,W,93.8,0.5,0,14.4,-0.009,13.4,12.81
5/04/2016,6:00:00,6.5,4.5,1.3,272.7,W,9.3,8.3,4.4,272.8,W,94.3,0.6,0,14.1,-0.009,13.2,12.79
5/04/2016,7:00:00,10.6,6.5,2.1,271.5,W,10,13,6.4,273.1,W,93.9,56.1,0,14.7,-0.009,13.7,12.79
5/04/2016,8:00:00,14.6,10,2,254.7,WSW,15.1,20.1,9.6,253.5,WSW,86.9,247.6,0,18.2,0.115,16,13.77
5/04/2016,9:00:00,20.3,16.3,2.3,240.4,WSW,15.4,27.2,15.7,240,WSW,74.9,470.7,0,21.7,0.271,17.1,13.81
5/04/2016,10:00:00,22.8,17.9,1.9,220.2,SW,17.8,33.1,17,220,SW,64.2,664.3,0,24.4,0.427,17.2,13.81
5/04/2016,11:00:00,21.2,15.3,2.7,231,SW,20.2,26,14.4,230.9,SW,54.8,807.8,0,26.1,0.557,16.3,13.81
5/04/2016,12:00:00,19,12.3,3.3,229.2,SW,30.6,23.7,10.9,229.6,SW,50.6,876.9,0,27.5,0.628,16.3,13.81
5/04/2016,13:00:00,18.6,11.3,3.3,244.3,WSW,29.7,28.4,9.9,246.1,WSW,45.2,869.3,0,28.8,0.653,15.8,13.79
5/04/2016,14:00:00,21.5,12.8,3.6,254.7,WSW,25,34.3,11.8,254.6,WSW,43.8,783.9,0,29.6,0.619,16,13.79
5/04/2016,15:00:00,21,14.4,3.4,248.2,WSW,24.4,29.6,13.2,249.2,WSW,43.7,634,0,29.7,0.537,16,13.79
5/04/2016,16:00:00,19.7,14.2,3.2,232.4,SW,20,27.2,13.5,231.6,SW,44.4,434.6,0,29.3,0.412,15.9,13.79
5/04/2016,17:00:00,20.1,14.8,2.6,228.9,SW,17.4,26,14.1,228.6,SW,45.5,216.6,0,28.4,0.282,15.5,13.77
5/04/2016,18:00:00,16.8,13.2,1.8,218.7,SW,10.7,21.3,12.9,219.2,SW,49.4,38.4,0,26.7,0.162,15.2,13.04
5/04/2016,19:00:00,13.8,9.3,2,211.5,SSW,7.9,17.8,9.2,212,SSW,55.3,0.5,0,24.5,0.075,14.9,13.02
5/04/2016,20:00:00,10.9,7.7,1.3,204.8,SSW,11.7,14.2,7.5,205.3,SSW,61.8,0.5,0,22.6,0.048,14.9,13
5/04/2016,21:00:00,14.8,11,1.9,196.4,SSW,8.3,20.1,10.8,196,SSW,71.2,0.5,0,21.9,0.049,16.5,13
5/04/2016,22:00:00,12.2,8.3,1.2,207.3,SSW,11.2,15.4,8.2,207.1,SSW,75,0.5,0,20.5,0.028,15.9,12.98
5/04/2016,23:00:00,8.7,5.6,1.8,203.2,SSW,15.2,10.6,5.4,206.7,SSW,80,0.5,0,18.8,0.009,15.2,12.96
6/04/2016,0:00:00,4.9,2,1.4,221.9,SW,40.6,5.9,1.7,217.3,SW,86.1,0.5,0,16.6,-0.009,14.2,12.94
6/04/2016,1:00:00,4.3,2.4,1.3,267.2,W,38.3,4.7,2,283.8,WNW,88.4,0.5,0,14.8,-0.009,13,12.92
6/04/2016,2:00:00,6,4.4,0.7,255.6,WSW,15.7,7.1,4.3,257.3,WSW,93.4,0.5,0,13.7,-0.008,12.6,12.88
6/04/2016,3:00:00,4.1,2.2,1.1,255.5,WSW,40.7,5.9,1.8,253,WSW,94.5,0.5,0,13.1,-0.012,12.2,12.86
6/04/2016,4:00:00,4.8,3,0.8,269.2,W,9.7,5.9,2.9,269.9,W,95.5,0.5,0,12.4,-0.011,11.7,12.82
6/04/2016,5:00:00,5.7,3.5,0.9,273,W,22.2,5.9,3.2,274.8,W,97,0.5,0,12.3,-0.012,11.9,12.81
6/04/2016,6:00:00,5.1,3.7,0.9,261.8,W,24.3,5.9,3.4,259.2,W,96.9,0.6,0,12.3,-0.011,11.8,12.77
6/04/2016,7:00:00,5.5,4.4,0.5,255.5,WSW,15.4,7.1,4.3,255.5,WSW,98.2,57.9,0,13.2,-0.014,12.8,12.77
6/04/2016,8:00:00,15,8.7,2.6,217.2,SW,17.3,18.9,8.4,214.8,SW,93,255.5,0,18.4,0.11,17.1,13.81
6/04/2016,9:00:00,19.6,14.8,2.8,204.7,SSW,12.5,24.9,14.4,205,SSW,81.4,481.4,0,22.5,0.268,19.2,13.81
6/04/2016,10:00:00,19.5,15,1.8,202.2,SSW,17.9,26,14.3,202.5,SSW,68.6,674.9,0,25,0.43,18.8,13.79
6/04/2016,11:00:00,16.1,12.2,2.3,194,SSW,25.9,24.9,11,193,SSW,58,814.5,0,26.9,0.565,18,13.79
6/04/2016,12:00:00,17.2,10.8,2.7,212.3,SSW,28.8,22.5,9.6,214.1,SW,51.5,885.7,0,28.4,0.644,17.4,13.79
6/04/2016,13:00:00,18.2,11.5,3,232.9,SW,38,28.4,9.3,234.9,SW,48.2,875.7,0,29.4,0.659,17.3,13.79
6/04/2016,14:00:00,18.5,11.4,3.3,233.6,SW,26.7,24.9,10.3,235,SW,45.4,791.6,0,30.2,0.622,17.1,13.79
6/04/2016,15:00:00,18.2,10.1,3,214.1,SW,32.7,22.5,8.7,211.7,SSW,42.6,639.8,0,30.7,0.53,16.5,13.79
6/04/2016,16:00:00,17.5,9.9,2.6,203,SSW,28.2,21.3,8.8,201.6,SSW,42.6,438.5,0,30.5,0.398,16.4,13.79
6/04/2016,17:00:00,13.4,8.6,2.2,197.8,SSW,26.1,17.8,7.8,196.8,SSW,42.4,218.7,0,29.6,0.242,15.5,13.79
6/04/2016,18:00:00,10.2,6.1,1.3,207.5,SSW,9.1,13,6.1,207.8,SSW,45.8,39.3,0,27,0.1,14.3,13.04
6/04/2016,19:00:00,7.5,5.9,0.7,210.8,SSW,7.3,9.5,5.9,210.7,SSW,54,0.5,0,24.1,0.046,14.2,13.02
6/04/2016,20:00:00,6.7,5,1,206.9,SSW,12.6,9.5,4.9,206.1,SSW,62.1,0.5,0,22.2,0.026,14.6,13
6/04/2016,21:00:00,9.1,6.8,1.1,190,S,6.6,13,6.8,189.8,S,66.1,0.5,0,21.9,0.034,15.2,13
6/04/2016,22:00:00,14.8,9.9,2,181.9,S,7.4,20.1,9.8,182.4,S,69.3,0.5,0,22,0.048,16.1,12.98
6/04/2016,23:00:00,9.8,5,1.8,151.6,SSE,17.4,11.8,4.7,154,SSE,75,0.5,0,20.1,0.012,15.5,12.96
7/04/2016,0:00:00,4.7,2.3,1.4,203.9,SSW,92.9,5.9,1.2,177.4,S,82.5,0.5,0,17.3,-0.007,14.3,12.94
7/04/2016,1:00:00,5.1,1.5,1.2,97.1,E,55.6,5.9,1,70.5,ENE,85.3,0.5,0,15.8,-0.011,13.3,12.92
7/04/2016,2:00:00,3.5,1.9,1,149.6,SSE,44.7,4.7,1.5,11.8,NNE,88,0.5,0,14.6,-0.01,12.6,12.9
7/04/2016,3:00:00,3.7,1.7,1.2,110.2,ESE,70.3,4.7,0.9,30.4,NNE,91.7,0.5,0,14.1,-0.012,12.8,12.86
7/04/2016,4:00:00,3.3,1.4,1,250.2,WSW,67.5,3.5,0.9,273.6,W,92.3,0.5,0,12.6,-0.013,11.4,12.84
7/04/2016,5:00:00,2.5,1.4,0.8,234.8,SW,61.2,3.5,0.9,250.6,WSW,94.6,0.5,0,11.8,-0.013,11,12.81
7/04/2016,6:00:00,3,0.9,0.7,181.4,S,85,3.5,0.2,154.7,SSE,95.3,0.6,0,11.3,-0.014,10.6,12.79
7/04/2016,7:00:00,2.6,0.8,0.8,238.5,WSW,55.4,3.5,0.6,249,WSW,96.3,55.3,0,12.1,-0.019,11.4,12.79
7/04/2016,8:00:00,8.1,2.8,1.9,192.5,SSW,60.1,10.6,1.6,162.3,SSE,93.4,253.4,0,18,0.116,16.8,13.81
7/04/2016,9:00:00,13.7,9.5,1.8,128,SE,22.5,18.9,8.8,126.8,SE,85.2,476.4,0,21.6,0.261,19,13.81
7/04/2016,10:00:00,12.5,7,2.4,126.8,SE,39.5,18.9,5.8,120.3,ESE,71.6,664.9,0,24.7,0.429,19.2,13.79
7/04/2016,11:00:00,10.9,5.7,2.5,120.3,ESE,60.8,14.2,4,81.7,E,60,802.8,0,27.8,0.569,19.4,13.79
7/04/2016,12:00:00,12.5,5.9,2.6,167.2,SSE,90.8,17.8,1.6,42.1,NE,53.2,867.2,0,30,0.645,19.4,13.79
7/04/2016,13:00:00,13.1,7,2.8,232.4,SW,68.3,17.8,4.2,264.1,W,48.5,855.8,0,30.9,0.655,18.8,13.79
7/04/2016,14:00:00,11.7,6.1,2.6,219.9,SW,85.8,14.2,2.3,314.9,NW,42.2,774,0,32.3,0.615,17.8,13.77
7/04/2016,15:00:00,16,7.1,3.5,223.2,SW,53.7,21.3,5.5,243.5,WSW,39.5,624.5,0,33,0.526,17.4,13.77
7/04/2016,16:00:00,18.2,9.2,3.6,272.6,W,34.5,26,8,278.4,W,39.1,426.2,0,32.9,0.408,17.1,13.77
7/04/2016,17:00:00,11.4,7.6,1.8,263,W,39.9,14.2,6,267,W,40.1,209.5,0,32.3,0.243,17,13.69
7/04/2016,18:00:00,11,4.8,3.1,297.5,WNW,29.9,13,4.3,300.5,WNW,42.6,33.7,0,30.6,0.095,16.5,13.04
7/04/2016,19:00:00,5.9,3.4,1.3,268.8,W,39,7.1,2.8,260.4,W,53.1,0.5,0,25.9,0.021,15.6,13.02
7/04/2016,20:00:00,8.6,6,1.4,192.1,SSW,16,10.6,5.8,190.5,S,56,0.5,0,25,0.045,15.6,13
7/04/2016,21:00:00,5.4,3.5,0.9,200.1,SSW,23.3,7.1,3.3,196.4,SSW,61.8,0.5,0,23.5,0.016,15.8,12.98
7/04/2016,22:00:00,5.4,4.1,0.7,249.9,WSW,9.8,5.9,4,249.5,WSW,68.9,0.5,0,20.9,0.012,15,12.98
7/04/2016,23:00:00,11.2,4.6,3.1,226.5,SW,64.1,16.6,3.3,305.7,NW,68.9,0.5,0,20.2,0.014,14.3,12.96
8/04/2016,0:00:00,11.5,7.7,1.3,266.9,W,10.6,15.4,7.6,267.3,W,71.8,0.5,0,20.7,0.031,15.4,12.94
8/04/2016,1:00:00,16.9,9.3,3.3,229.7,SW,14.5,20.1,9,226.7,SW,81.5,0.5,0,21.4,0.022,18.1,12.92
8/04/2016,2:00:00,13.4,7.7,2.4,216.7,SW,11,15.4,7.5,218.7,SW,85,0.5,0,21.1,0.011,18.5,12.9
8/04/2016,3:00:00,7.6,5.1,1.2,214.8,SW,13.1,9.5,5,213.7,SSW,88.9,0.5,0,20,-0.001,18.1,12.88
8/04/2016,4:00:00,7.5,4.7,1.2,235.3,SW,15.6,10.6,4.6,234.5,SW,91.4,0.5,0,18.8,-0.005,17.4,12.86
8/04/2016,5:00:00,9.8,5.9,1.7,224.5,SW,15.2,11.8,5.7,225.6,SW,91.2,0.5,0,19,-0.003,17.5,12.84
8/04/2016,6:00:00,6.9,4.4,1.5,175.3,S,27.2,8.3,3.9,180.6,S,92.4,0.7,0,18.2,-0.006,17,12.82
8/04/2016,7:00:00,2.5,1.2,0.7,230.9,SW,88.4,3.5,0.3,294.4,WNW,94.3,28.3,0,17.3,-0.032,16.3,12.81
8/04/2016,8:00:00,4.3,2,1,172.3,S,76,7.1,1.1,151.4,SSE,86.8,252.7,0,21,0.129,18.7,13.28
8/04/2016,9:00:00,7.2,3.9,1.6,136.5,SE,48.7,11.8,3,137.9,SE,78.2,376.2,0,23.5,0.24,19.5,13.79
8/04/2016,10:00:00,11.2,5,2.4,123.7,ESE,56.4,14.2,3.6,107.7,ESE,70.6,570.9,0,25.7,0.387,20,13.79
8/04/2016,11:00:00,9.4,5.7,1.9,133.5,SE,68.7,14.2,3.2,46.9,NE,63.8,670.1,0,27.3,0.479,19.9,13.79
8/04/2016,12:00:00,12.8,6.1,2.3,187.8,S,84.8,15.4,2.1,345.3,NNW,59.7,843.5,0,28.5,0.605,19.9,13.79
8/04/2016,13:00:00,10.1,5.4,1.9,104,ESE,57.8,14.2,3.7,54.7,NE,54.9,617.8,0,29.6,0.481,19.6,13.79
8/04/2016,14:00:00,13.1,6.3,2.6,196,SSW,62.9,15.4,3.8,355.5,N,52.4,708.8,0,30.5,0.549,19.7,13.79
8/04/2016,15:00:00,11.5,5,2.2,200.2,SSW,89.4,17.8,1.5,278.9,W,50.9,594.1,0,31,0.466,19.7,13.79
8/04/2016,16:00:00,11.9,5.8,2.7,176.7,S,98.1,16.6,1.6,222.4,SW,49.7,410.6,0,31.5,0.345,19.7,13.77
8/04/2016,17:00:00,10.6,5.1,1.7,226.2,SW,33.7,16.6,4.4,230.6,SW,52.7,109.2,0,29.9,0.141,19.2,13.28
8/04/2016,18:00:00,9.5,6.2,1.1,213.6,SSW,10.6,11.8,6,214,SW,56.6,21.8,0,28.1,0.087,18.7,13.02
8/04/2016,19:00:00,10.4,7.6,1.4,203.1,SSW,9.8,14.2,7.5,202.5,SSW,63,0.5,0,26.4,0.05,18.8,13.02
8/04/2016,20:00:00,12.7,9.6,1.5,192.8,SSW,8.7,17.8,9.5,192.9,SSW,67.3,0.5,0,25.6,0.056,19.1,13
8/04/2016,21:00:00,12.5,8.3,1.8,185.6,S,9.9,16.6,8.2,186.6,S,72.3,0.5,0,24.4,0.038,19.1,12.98
8/04/2016,22:00:00,9.3,6.2,1.3,177.6,S,11.4,13,6.1,177.7,S,75.8,0.5,0,23.1,0.02,18.6,12.98
8/04/2016,23:00:00,4.3,2.8,1.2,136.5,SE,26,4.7,2.6,140,SE,79,0.5,0,21.4,-0.001,17.6,12.96
9/04/2016,0:00:00,3.8,2.3,0.9,181,S,25.3,4.7,2.1,183.8,S,83.7,0.5,0,19.9,-0.006,17.1,12.94
9/04/2016,1:00:00,3.8,1,1,202,SSW,81.6,4.7,0.5,341.4,NNW,86.7,0.5,0,18.7,-0.013,16.4,12.92
9/04/2016,2:00:00,3.5,2.2,0.9,286.5,WNW,20.4,3.5,2.1,332.1,NNW,88.2,0.5,0,17.6,-0.009,15.7,12.9
9/04/2016,3:00:00,2.9,1.6,0.7,80.1,E,34.5,3.5,1.4,29.9,NNE,90.8,0.5,0,16.2,-0.012,14.7,12.88
9/04/2016,4:00:00,3.4,1.9,1,82.7,E,28,4.7,1.7,27.7,NNE,92.5,0.5,0,15.8,-0.012,14.6,12.84
9/04/2016,5:00:00,2.7,1.1,0.8,257.6,WSW,46.1,3.5,0.9,268.2,W,92.9,0.5,0,15.2,-0.013,14.1,12.82
9/04/2016,6:00:00,1.8,0.6,0.6,213.2,SSW,49.7,2.4,0.5,202.9,SSW,94.7,0.6,0,14.9,-0.014,14,12.81
9/04/2016,7:00:00,3.3,1.3,1,111.3,ESE,69.3,4.7,1.1,17.6,NNE,94,46.6,0,15.6,-0.022,14.6,12.81
9/04/2016,8:00:00,9.9,5.7,1.7,288.1,WNW,16.8,14.2,5.5,343.6,NNW,84.5,233.5,0,19.6,0.117,16.9,13.71
9/04/2016,9:00:00,11.7,7.5,1.8,287.1,WNW,22.9,14.2,7,330.5,NNW,79.6,445.7,0,22.1,0.262,18.4,13.81
9/04/2016,10:00:00,10.6,5.2,2,242.7,WSW,56.2,14.2,3.6,320.9,NW,67.8,630.7,0,24.6,0.414,18.2,13.79
9/04/2016,11:00:00,12.2,6.1,2,151.7,SSE,76.3,15.4,2.7,130.6,SE,60.5,764.3,0,26.8,0.532,18.5,13.79
9/04/2016,12:00:00,14.2,7.7,3,120.3,ESE,47,21.3,5.9,117.9,ESE,57,828.1,0,28.8,0.604,19.5,13.79
9/04/2016,13:00:00,13.5,7.3,2.8,188.1,S,63.9,18.9,4.4,179.4,S,54.3,830.6,0,29.7,0.62,19.5,13.79
9/04/2016,14:00:00,12.8,6.7,2.5,189.7,S,85.7,17.8,2.4,209.7,SSW,52.3,522.6,0,30.7,0.439,19.8,13.79
9/04/2016,15:00:00,14.1,6.9,2.9,185.6,S,37.8,22.5,6,181.3,S,52.2,317.7,0,30.4,0.301,19.5,13.67
9/04/2016,16:00:00,11.1,6.3,2.4,182.7,S,22.9,14.2,6,186.4,S,52.3,207.4,0,30.3,0.22,19.5,13.4
9/04/2016,17:00:00,11.8,7.6,1.6,200.2,SSW,25,14.2,6.9,197.9,SSW,53,150.1,0,30,0.181,19.3,13.3
9/04/2016,18:00:00,14.8,7.9,2.9,140.1,SE,14.3,17.8,7.7,140.3,SE,56.8,25.1,0,28.8,0.102,19.3,13.02
9/04/2016,19:00:00,5.3,3.8,0.6,174.9,S,17.2,5.9,3.6,174.6,S,64.3,0.5,0,25.6,0.018,18.4,13.02
9/04/2016,20:00:00,15.4,7.6,2.9,250.4,WSW,31.4,17.8,6.9,257.5,WSW,68.6,0.5,0,25.4,0.041,19.2,13
9/04/2016,21:00:00,6.9,3.6,1.1,212.6,SSW,47,8.3,2.5,218.5,SW,70.9,0.5,0,23.8,0.01,18.2,13
9/04/2016,22:00:00,4.8,3.1,0.7,263.6,W,45.8,7.1,2.3,262.9,W,75.6,0.5,0,21.9,0.002,17.5,12.98
9/04/2016,23:00:00,6.7,3.9,1,284.4,WNW,20.6,7.1,3.7,284.2,WNW,78.7,0.5,0,20.7,0.004,16.8,12.96
10/04/2016,0:00:00,4.8,2.2,1.2,244.3,WSW,43.2,5.9,1.8,262.9,W,85.4,0.5,0,19.4,-0.008,16.8,12.94
10/04/2016,1:00:00,4.1,1.5,1.1,226.6,SW,52,4.7,1.1,254.8,WSW,88.7,0.5,0,18.1,-0.011,16.2,12.92
10/04/2016,2:00:00,3.9,1.9,1.4,113.7,ESE,59.7,4.7,1.5,87,E,88.9,0.5,0,17.7,-0.01,15.8,12.9
10/04/2016,3:00:00,5,2.3,1,74.3,ENE,35,5.9,2,73.4,ENE,90.7,0.5,0,16.8,-0.01,15.2,12.88
10/04/2016,4:00:00,4,1.9,1,61.9,ENE,19.2,4.7,1.8,59.5,ENE,93.6,0.5,0,17.1,-0.012,16.1,12.84
10/04/2016,5:00:00,3.8,2.4,0.6,69.7,ENE,23.1,4.7,2.2,70.2,ENE,95.9,0.5,0,17.2,-0.012,16.5,12.82
10/04/2016,6:00:00,2.6,1.5,0.6,100.8,E,38.1,3.5,1.2,91.5,E,96.7,0.6,0,16.4,-0.013,15.9,12.81
10/04/2016,7:00:00,2.8,1.8,0.5,168.2,SSE,21.7,3.5,1.7,168.2,SSE,96.4,52.1,0,15.7,-0.017,15.1,12.81
10/04/2016,8:00:00,8.1,3.6,1.6,151.9,SSE,37.7,9.5,3,150.9,SSE,92.3,225.4,0,19.9,0.11,18.5,13.53
10/04/2016,9:00:00,12.4,6.2,2.6,138.2,SE,43.1,15.4,5.2,127.1,SE,81.5,443.6,0,22.9,0.266,19.5,13.79
10/04/2016,10:00:00,14,8.9,2.2,114.7,ESE,32.3,18.9,7.6,114.4,ESE,70.6,633.1,0,25.4,0.415,19.6,13.79
10/04/2016,11:00:00,15,9.1,3,118.9,ESE,34.1,18.9,8,115,ESE,62.4,751.2,0,27.4,0.528,19.6,13.79
10/04/2016,12:00:00,12.3,7.2,2.6,137.4,SE,63.2,18.9,4.7,119.2,ESE,54.7,832.3,0,29.6,0.618,19.5,13.79
10/04/2016,13:00:00,16,6.6,2.9,147.8,SSE,61.1,23.7,4.1,129.3,SE,48.1,821.4,0,31.1,0.633,18.8,13.79
10/04/2016,14:00:00,14.7,6.8,2.8,126.5,SE,61.7,20.1,4.4,106.4,ESE,43.6,743.4,0,32.2,0.596,18.2,13.77
10/04/2016,15:00:00,14.4,6.4,2.9,146.8,SSE,57.3,17.8,4.3,129,SE,41,598.9,0,32.4,0.495,17.5,13.79
10/04/2016,16:00:00,12.8,6.1,3.1,134,SE,66.7,16.6,4.1,109.9,ESE,39.4,420,0,32.6,0.367,17,13.77
10/04/2016,17:00:00,12.4,6.7,2.7,100.3,E,45.8,17.8,5.3,85.7,E,40.5,176.2,0,31.7,0.212,16.7,13.3
10/04/2016,18:00:00,10.3,5.9,1.5,66.5,ENE,14.3,11.8,5.7,66.3,ENE,42.6,35.6,0,30,0.102,16,13.04
10/04/2016,19:00:00,4.2,2.9,0.6,81,E,19.2,4.7,2.7,79,E,47.2,0.5,0,27,0.02,14.8,13.02
10/04/2016,20:00:00,8.5,3.8,2.8,123.9,SE,28.4,10.6,3.4,125.6,SE,52.1,0.5,0,24.9,0.026,14.4,13
10/04/2016,21:00:00,8.4,5.6,1.3,133.2,SE,23.3,10.6,5.1,130.6,SE,54.8,0.5,0,24.7,0.042,15,12.98
10/04/2016,22:00:00,6.6,4.3,0.9,116.7,ESE,20.9,8.3,4,115.6,ESE,59.8,0.5,0,22.8,0.023,14.5,12.96
10/04/2016,23:00:00,6.9,4.3,1.3,181.4,S,85.9,8.3,1,135.6,SE,64.3,0.5,0,22,0.019,14.9,12.96
11/04/2016,0:00:00,8.7,3,2.1,222.6,SW,81.1,10.6,1.4,226.7,SW,67.6,0.5,0,20.7,0.006,14.5,12.94
11/04/2016,1:00:00,4.7,2.2,1.1,227.1,SW,89,5.9,0.7,297.7,WNW,70.4,0.5,0,19.2,-0.003,13.7,12.92
11/04/2016,2:00:00,5.8,2.4,1.6,238.9,WSW,85.9,7.1,0.5,286,WNW,75.4,0.5,0,18.7,-0.003,14.2,12.9
11/04/2016,3:00:00,7.6,3.7,1.8,282.6,WNW,39.3,9.5,3.3,317.3,NW,77.6,0.5,0,18.6,0.002,14.6,12.88
11/04/2016,4:00:00,5.4,2.5,1.3,204.6,SSW,64.6,7.1,1.5,349.3,N,82.1,0.5,0,18.6,-0.005,15.5,12.84
11/04/2016,5:00:00,3.5,1.5,1,218.8,SW,80.3,4.7,0.7,333.6,NNW,87.5,0.5,0,18,-0.011,15.9,12.82
11/04/2016,6:00:00,2.8,1.5,0.6,112.6,ESE,74.9,4.7,0.7,102.8,ESE,90.1,0.5,0,17.6,-0.012,16,12.81
11/04/2016,7:00:00,3.8,1.9,0.8,260.7,W,50.7,4.7,1.2,282.4,WNW,90.5,23.2,0,17.9,-0.033,16.3,12.81
11/04/2016,8:00:00,9,4.8,1.6,274.2,W,25.4,10.6,4.4,279.3,W,88.2,113.7,0,20.6,0.072,18.5,12.88
11/04/2016,9:00:00,4.8,2.2,1.1,149.5,SSE,83,5.9,0.9,128.6,SE,85.2,213.6,0,22.4,0.143,19.7,13.36
11/04/2016,10:00:00,8.9,4.3,2.1,216.4,SW,67.7,11.8,2.6,239.7,WSW,81.5,325.2,0,23.3,0.221,20,13.57
11/04/2016,11:00:00,12.6,7.2,2.5,197.4,SSW,33.3,15.4,6.3,197.6,SSW,76.4,220.5,0,24,0.181,19.6,13.57
11/04/2016,12:00:00,17.9,9.9,3,187.5,S,15.8,21.3,9.5,185.5,S,72.6,164.2,0,24.1,0.162,18.9,13.44
11/04/2016,13:00:00,11.9,4.4,2.7,182,S,60.4,14.2,3,170.6,S,70.2,227.7,0,25,0.19,19.2,13.57
11/04/2016,14:00:00,6.8,3.8,1.5,150.7,SSE,67.2,9.5,1.8,35,NE,68.7,230,0,25.9,0.192,19.7,13.55
11/04/2016,15:00:00,11.4,6.9,2,48.1,NE,21,14.2,6.5,42.5,NE,70.3,109.4,0,26,0.13,20.2,13.26
11/04/2016,16:00:00,15.2,8.5,3.1,187.2,S,32.1,20.1,7.5,357.9,N,69.1,143.8,0,26,0.152,19.9,13.24
11/04/2016,17:00:00,14.6,8.7,2.9,265.1,W,14.4,18.9,8.4,346.1,NNW,69.7,78.1,0,25.3,0.112,19.4,13.06
11/04/2016,18:00:00,4.6,2.5,0.9,68.9,ENE,18.4,7.1,2.4,14.2,NNE,73.7,5.8,0,24.3,0.035,19.3,13.02
11/04/2016,19:00:00,4.3,1.9,1.2,144.3,SE,76.4,4.7,1,108.5,ESE,77.7,0.5,0,22.9,-0.005,18.8,13
11/04/2016,20:00:00,4.9,3,0.9,198.3,SSW,22.7,5.9,2.7,347.7,NNW,79.7,0.5,0,22.4,-0.001,18.7,12.98
11/04/2016,21:00:00,8.6,4.6,1.6,328.2,NNW,11.5,10.6,4.5,332.2,NNW,81.8,0.5,0,22.1,0.005,18.9,12.94
11/04/2016,22:00:00,7.5,4.1,2.3,176.2,S,95.6,10.6,0.5,191.3,SSW,81.6,0.5,0,21.8,0.003,18.5,12.92
11/04/2016,23:00:00,5.2,2.6,1.4,213.6,SSW,42.3,5.9,2.3,199,SSW,86.5,0.5,0,20.5,-0.006,18.2,12.88
12/04/2016,0:00:00,3.3,1.5,0.8,208.9,SSW,50.4,3.5,1.1,13.9,NNE,84.1,0.5,0,20.2,-0.01,17.4,12.84
12/04/2016,1:00:00,6.3,2.9,1,309.7,NW,21.8,7.1,2.7,308,NW,82.4,0.5,0,20.2,-0.004,17.1,12.84
12/04/2016,2:00:00,6.4,2.8,1.3,276.1,W,37.5,7.1,2.3,290.9,WNW,85,0.5,0,20.2,-0.005,17.6,12.81
12/04/2016,3:00:00,8.5,5.1,1.6,303.1,WNW,27.8,10.6,4.7,311.6,NW,90.5,0.5,0,19.5,-0.003,17.9,12.81
12/04/2016,4:00:00,5.3,3.5,1,137.4,SE,87.8,7.1,0.6,119,ESE,95.6,0.5,0,18.7,-0.01,18,12.79
12/04/2016,5:00:00,3.1,1.4,0.9,135.6,SE,67.8,4.7,0.9,87.5,E,97.2,0.5,0,18.4,-0.013,18,12.79
12/04/2016,6:00:00,3.7,1.8,1.1,170.7,S,55.9,4.7,1.2,13.3,NNE,99.1,0.5,0,17.8,-0.014,17.7,12.79
12/04/2016,7:00:00,4.3,2.2,0.9,134.4,SE,63.5,4.7,1.4,125.2,SE,99.5,21.9,0,17.3,-0.034,17.3,12.77
12/04/2016,8:00:00,5.6,2.4,1.3,254.9,WSW,42.4,7.1,1.9,263.8,W,96.8,208.8,0,19.8,0.102,19.3,13.14
12/04/2016,9:00:00,7.2,3.8,1.5,243.7,WSW,48.5,13,3,253.2,WSW,85.7,412.2,0,23.1,0.251,20.5,13.53
12/04/2016,10:00:00,11.9,5.1,2.6,244.9,WSW,55.5,15.4,4.1,269.1,W,71.2,618.6,0,25.6,0.413,20,13.79
12/04/2016,11:00:00,11.1,6.8,2.5,251.5,WSW,58.4,14.2,4.7,270.5,W,62.8,747,0,27.1,0.523,19.4,13.79
12/04/2016,12:00:00,12.9,7.1,2.7,174.9,S,84.9,15.4,1.9,319.7,NW,56.8,699.4,0,28.5,0.518,19.1,13.71
12/04/2016,13:00:00,28.2,11.2,6.6,233.7,SW,59.4,35.5,7.9,242.6,WSW,56.2,691,0,28.9,0.53,19.2,13.73
12/04/2016,14:00:00,28,17.1,4.5,213.2,SSW,17.2,35.5,16.4,215.5,SW,72.1,233.2,6.2,24.6,0.223,19.1,13.36
12/04/2016,15:00:00,17.5,10.1,2,186.5,S,23.4,21.3,9.3,184.1,S,88.2,454.1,0.2,23.2,0.273,21.1,13.81
12/04/2016,16:00:00,31.8,21.1,4.2,265.9,W,11.8,40.2,20.7,266.7,W,87.9,157.9,0,21.1,0.112,19,13.55
12/04/2016,17:00:00,20.4,15.8,2.2,232.2,SW,13.4,28.4,15.4,232.7,SW,90.3,110.7,0.2,19.7,0.076,18,13.28
12/04/2016,18:00:00,15.4,9.4,2,213.7,SSW,16,18.9,9.1,213.3,SSW,91.4,21,0.2,19.1,0.027,17.7,13
12/04/2016,19:00:00,6.1,3.2,1.8,265.5,W,46.5,8.3,2.6,274.9,W,94.4,0.5,0,18.4,-0.01,17.5,12.98
12/04/2016,20:00:00,6.3,3.2,1.7,272.5,W,26,7.1,2.9,336.4,NNW,97.1,0.5,0,17.7,-0.012,17.2,13
12/04/2016,21:00:00,8,3.3,2,263.1,W,48.7,9.5,2.8,279,W,99.1,0.5,0,16.6,-0.013,16.5,12.98
12/04/2016,22:00:00,7.9,5.1,1.3,268.7,W,10.3,10.6,5,269.2,W,100,0.5,0,16.6,-0.013,16.6,12.98
12/04/2016,23:00:00,6,4.2,1.4,255.1,WSW,13.7,8.3,4.1,257.8,WSW,100,0.5,0,16.4,-0.013,16.4,12.96
13/04/2016,0:00:00,6.7,3.6,1.5,291.1,WNW,10.4,8.3,3.6,292.9,WNW,100,0.5,0,15.6,-0.013,15.6,12.94
13/04/2016,1:00:00,5.2,3.8,0.9,287.3,WNW,10.5,5.9,3.7,288.2,WNW,100,0.5,0,15.3,-0.013,15.3,12.94
13/04/2016,2:00:00,4.3,2.7,0.9,261.2,W,19.9,4.7,2.6,260.7,W,100,0.5,0,14.4,-0.014,14.4,12.92
13/04/2016,3:00:00,6.2,4.7,0.9,273.3,W,12.3,8.3,4.6,274.7,W,100,0.5,0,14.9,-0.013,14.9,12.9
13/04/2016,4:00:00,5.1,3.7,0.5,245.3,WSW,11.2,5.9,3.6,245.6,WSW,100,0.5,0,14.7,-0.013,14.7,12.88
13/04/2016,5:00:00,5.1,3.4,0.9,267.8,W,13.9,5.9,3.3,266.2,W,100,0.5,0,14.5,-0.013,14.5,12.88
13/04/2016,6:00:00,4.2,2.8,0.6,273.1,W,12.4,4.7,2.8,273.8,W,100,0.5,0,14.1,-0.014,14.1,12.84
13/04/2016,7:00:00,7.1,4.5,1,271.8,W,13.5,9.5,4.4,273.7,W,100,49.9,0.2,14.4,-0.018,14.4,12.84
13/04/2016,8:00:00,10.6,7.1,1.5,253.6,WSW,13.2,14.2,6.9,253,WSW,100,225.2,0,17.2,0.087,17.2,13.65
13/04/2016,9:00:00,18.9,12.6,2.6,244.6,WSW,12.6,22.5,12.3,244.2,WSW,95.8,432.9,0,20.6,0.205,19.8,13.81
13/04/2016,10:00:00,20.6,15.6,2.2,251.8,WSW,14.6,24.9,15.1,251.8,WSW,86.5,590.1,0,22.4,0.315,20,13.79
13/04/2016,11:00:00,22.5,17.4,2.4,242,WSW,16.5,29.6,16.7,241.8,WSW,78.1,678.4,0,23.9,0.395,19.8,13.81
13/04/2016,12:00:00,23.5,16.6,2.9,236.6,WSW,17.9,31.9,15.8,236.6,WSW,71.7,796.6,0,25.2,0.494,19.7,13.81
13/04/2016,13:00:00,22.8,16.2,2.6,248.6,WSW,18.5,29.6,15.4,248.6,WSW,66.7,556.8,0,26,0.404,19.3,13.81
13/04/2016,14:00:00,23.5,15.4,3.1,246.8,WSW,19.8,29.6,14.5,246.7,WSW,61.4,613.2,0,26.9,0.455,18.8,13.81
13/04/2016,15:00:00,22.9,17.1,2.7,252.5,WSW,12.9,27.2,16.7,252.3,WSW,59.7,429.1,0,26.7,0.358,18.3,13.79
13/04/2016,16:00:00,21.1,15.6,2.5,236.3,WSW,18.9,26,14.8,236.3,WSW,57.3,398.9,0,27.1,0.342,18,13.81
13/04/2016,17:00:00,18.9,14.9,2.3,237.3,WSW,18.5,29.6,14.2,237.9,WSW,58.3,187.8,0,26.5,0.218,17.6,13.77
13/04/2016,18:00:00,19.3,14.5,2.5,235.9,SW,8.8,23.7,14.4,235.7,SW,64,24,0,24.8,0.115,17.5,13.06
13/04/2016,19:00:00,17.2,13,1.6,233.1,SW,7.8,21.3,12.8,233.2,SW,70.6,0.5,0,23,0.062,17.4,13.02
13/04/2016,20:00:00,14.6,11.3,1.6,225.2,SW,9.2,17.8,11.1,225.6,SW,75.1,0.5,0,21.8,0.042,17.2,13.02
13/04/2016,21:00:00,14.3,10.7,1.2,214.9,SW,8.8,17.8,10.6,215,SW,79,0.5,0,20.6,0.03,16.9,13
13/04/2016,22:00:00,14.6,10.7,1.5,218.3,SW,10.7,18.9,10.5,217.9,SW,81,0.5,0,19.9,0.026,16.5,12.98
13/04/2016,23:00:00,10.2,7.1,1.4,253.1,WSW,15.2,13,6.9,250.8,WSW,85.4,0.5,0,18.1,0.007,15.6,12.96
14/04/2016,0:00:00,6.6,5.1,0.7,258.7,WSW,11.9,8.3,5,258.8,W,91.6,0.5,0,15.9,-0.005,14.6,12.94
14/04/2016,1:00:00,6.4,4.1,1.4,254.1,WSW,22.4,8.3,3.8,260.2,W,94.3,0.5,0,14.6,-0.009,13.7,12.92
14/04/2016,2:00:00,9.5,5.3,2.3,280.3,W,10.9,10.6,5.2,283.2,WNW,96.9,0.5,0,14,-0.01,13.5,12.9
14/04/2016,3:00:00,6.9,5.2,0.8,279.4,W,6.5,8.3,5.2,279.4,W,96.5,0.5,0,14.2,-0.01,13.7,12.88
14/04/2016,4:00:00,6.5,4.4,0.8,283.4,WNW,8,8.3,4.4,284,WNW,97.1,0.5,0,14,-0.011,13.5,12.84
14/04/2016,5:00:00,6.6,4.4,1.3,281.5,WNW,13.3,8.3,4.3,283.7,WNW,97.4,0.5,0,14,-0.011,13.6,12.84
14/04/2016,6:00:00,5.4,4.1,0.7,273.9,W,10.9,7.1,4,275.2,W,98.1,0.6,0,13,-0.012,12.7,12.81
14/04/2016,7:00:00,8.5,5.6,1.3,282.6,WNW,7.6,10.6,5.6,283.3,WNW,99.1,46.4,0,13.4,-0.019,13.2,12.81
14/04/2016,8:00:00,13.5,10.2,1.7,277.1,W,9.6,17.8,10.1,276.5,W,93.1,227.5,0,17,0.09,15.9,13.75
14/04/2016,9:00:00,22.6,16.1,3.6,253.7,WSW,13.2,30.8,15.7,252.9,WSW,83.3,447.1,0,20.8,0.231,17.8,13.81
14/04/2016,10:00:00,30.7,24.1,3.2,238.5,WSW,14.4,39,23.4,238.1,WSW,72.3,666.7,0,23.8,0.387,18.5,13.81
14/04/2016,11:00:00,29.9,24,2.5,238.4,WSW,15.9,37.9,23.1,238.6,WSW,67.1,671.3,0,25,0.432,18.5,13.81
14/04/2016,12:00:00,28.6,22.9,2.7,233.7,SW,15.9,37.9,22.1,233.8,SW,64.9,582.4,0,25.6,0.42,18.5,13.81
14/04/2016,13:00:00,30.3,23.4,3.3,226.3,SW,14.6,40.2,22.7,226.5,SW,64.8,428.2,0,25.5,0.343,18.4,13.81
14/04/2016,14:00:00,29.4,22.4,3.3,224.7,SW,15,39,21.7,224.4,SW,63.8,417,0,25.7,0.351,18.3,13.81
14/04/2016,15:00:00,24.7,19.1,3,214.2,SW,17,33.1,18.3,215.2,SW,65.9,347.3,0,25.5,0.295,18.7,13.81
14/04/2016,16:00:00,30.2,19.9,3.8,211.8,SSW,11.9,39,19.5,212.1,SSW,76.3,149.4,0,23.2,0.158,18.6,13.46
14/04/2016,17:00:00,24.4,18.6,2.6,213.9,SW,11.4,30.8,18.2,214.4,SW,81.9,128.5,0,22,0.113,18.8,13.53
14/04/2016,18:00:00,21.6,15.6,2.9,204.9,SSW,9.9,28.4,15.4,205,SSW,75.7,22,0,21.8,0.077,17.3,13.04
14/04/2016,19:00:00,16.1,12.3,1.6,204.6,SSW,8.9,22.5,12.2,204.9,SSW,81.1,0.5,0,20.8,0.032,17.4,13.02
14/04/2016,20:00:00,15.1,9.5,2.5,216,SW,8.3,20.1,9.4,216.2,SW,85.8,0.5,0,19.7,0.014,17.3,13
14/04/2016,21:00:00,7.3,4.7,0.6,246,WSW,12.7,9.5,4.6,245.3,WSW,90.8,0.5,0,17.8,-0.005,16.3,13
14/04/2016,22:00:00,5.8,3.8,0.9,240.4,WSW,18.2,7.1,3.6,242.4,WSW,94.4,0.5,0,15.8,-0.009,15,12.98
14/04/2016,23:00:00,6.1,4.7,0.7,252.8,WSW,12,8.3,4.6,252.7,WSW,96.2,0.5,0,15.3,-0.01,14.7,12.96
15/04/2016,0:00:00,7.5,4.8,1.1,274.4,W,12.1,9.5,4.7,275.8,W,95.9,0.5,0,14.8,-0.009,14.2,12.94
15/04/2016,1:00:00,9,6.4,1.4,289.9,WNW,7.5,10.6,6.4,290.5,WNW,95.3,0.5,0,14.6,-0.007,13.9,12.92
15/04/2016,2:00:00,8.7,6.7,1,287.8,WNW,6.8,11.8,6.7,288.1,WNW,93.7,0.5,0,14.7,-0.005,13.7,12.9
15/04/2016,3:00:00,6,4.1,0.8,272.7,W,12.3,7.1,4,273.8,W,95,0.5,0,13.6,-0.01,12.8,12.88
15/04/2016,4:00:00,7.2,4.7,1.2,271.5,W,11.4,8.3,4.6,273.2,W,96.4,0.5,0,12.9,-0.01,12.3,12.84
15/04/2016,5:00:00,7.3,5,1.6,276,W,8.6,9.5,5,275.9,W,97.4,0.5,0,12.2,-0.01,11.8,12.81
15/04/2016,6:00:00,7.5,4.7,1,274.3,W,13.4,8.3,4.6,275.8,W,98.3,0.5,0,11.5,-0.011,11.2,12.79
15/04/2016,7:00:00,7.4,4.3,1.6,263.3,W,15.2,9.5,4.1,265.9,W,99.1,47.2,0,11.6,-0.02,11.4,12.79
15/04/2016,8:00:00,11.8,8.5,1.8,258,WSW,10.6,15.4,8.3,257.6,WSW,93.8,228.7,0,15.5,0.086,14.4,13.81
15/04/2016,9:00:00,18.9,14.2,2.3,238.4,WSW,14.2,22.5,13.8,237.7,WSW,77.7,443.5,0,19.5,0.234,15.4,13.81
15/04/2016,10:00:00,21.3,15.5,2.1,232.1,SW,17.2,26,14.8,232.4,SW,68.9,633.4,0,21.8,0.37,15.8,13.81
15/04/2016,11:00:00,22.1,15.1,2.8,232,SW,23.3,26,13.9,233.1,SW,56.4,761.7,0,24.4,0.503,15.2,13.81
15/04/2016,12:00:00,18.4,12.5,2.8,228.1,SW,25.4,24.9,11.4,228.1,SW,50.2,838.9,0,25.9,0.584,14.8,13.79
15/04/2016,13:00:00,23.1,13,4.6,254.6,WSW,31.2,30.8,11.5,260.9,W,45.9,835.2,0,26.9,0.605,14.2,13.79
15/04/2016,14:00:00,20,12.1,3.1,253.5,WSW,30.3,28.4,10.6,254.6,WSW,42.6,752,0,27.2,0.566,13.4,13.79
15/04/2016,15:00:00,20.9,13.5,3.4,237.4,WSW,25.5,26,12.3,235.9,SW,43.5,599.6,0,27.4,0.485,13.8,13.79
15/04/2016,16:00:00,19.2,12.8,3.1,234.9,SW,22.2,23.7,12,234.4,SW,44.8,369.6,0,26.8,0.343,13.8,13.79
15/04/2016,17:00:00,20.2,12,2.5,224.4,SW,15,23.7,11.6,224.3,SW,49.9,159.4,0,25.9,0.207,14.6,13.34
15/04/2016,18:00:00,15.2,12.2,1.7,216,SW,12.9,21.3,11.9,216.1,SW,56.3,24.4,0,24.1,0.116,14.8,13.04
15/04/2016,19:00:00,23.2,14.1,3.5,222.3,SW,16.3,28.4,13.6,219.7,SW,67.6,0.5,0,21.9,0.073,15.6,13.02
15/04/2016,20:00:00,21.5,14,2.9,207.8,SSW,10.1,28.4,13.8,207.5,SSW,78.6,0.5,0,19.6,0.04,15.8,13.02
15/04/2016,21:00:00,12.1,8.5,1.9,223.9,SW,14.3,15.4,8.3,222.3,SW,81.3,0.5,0,18.4,0.017,15.2,13
15/04/2016,22:00:00,7.3,5.1,0.9,256.8,WSW,9.7,9.5,5,257.1,WSW,86.2,0.5,0,16.5,0,14.2,12.98
15/04/2016,23:00:00,6.4,4.5,0.8,244.5,WSW,17,8.3,4.4,244.7,WSW,88.5,0.5,0,15.3,-0.004,13.4,12.96
16/04/2016,0:00:00,7.7,6.3,0.9,221.4,SW,11.9,10.6,6.1,220.8,SW,90.3,0.5,0,16,-0.002,14.4,12.94
16/04/2016,1:00:00,7.2,4.3,1,258.4,WSW,15,9.5,4.2,256.3,WSW,92.4,0.5,0,15.1,-0.007,13.9,12.92
16/04/2016,2:00:00,5.3,3.2,1.3,256.6,WSW,40,5.9,2.6,271.2,W,95.4,0.5,0,13.6,-0.011,12.9,12.9
16/04/2016,3:00:00,6.4,4,0.8,264.1,W,20.8,7.1,3.7,266.7,W,96.3,0.5,0,12.8,-0.011,12.2,12.86
16/04/2016,4:00:00,3.4,2.2,1,261.3,W,23.2,4.7,2.1,261,W,98.2,0.5,0,12.2,-0.013,12,12.84
16/04/2016,5:00:00,4.3,2.7,0.8,299.3,WNW,23.1,4.7,2.5,324.4,NW,98.9,0.5,0,12.2,-0.013,12,12.81
16/04/2016,6:00:00,4.8,2.4,1.1,278.4,W,10.6,5.9,2.4,278.6,W,98.7,0.5,0,11.2,-0.013,11,12.77
16/04/2016,7:00:00,4,2.4,1.1,256.6,WSW,32,4.7,2.2,264,W,99.7,34.3,0,10.7,-0.029,10.6,12.79
16/04/2016,8:00:00,12.4,7,2.1,264.7,W,12.6,15.4,6.8,262.6,W,98.3,233.4,0,14.9,0.082,14.5,13.47
16/04/2016,9:00:00,12.1,9.2,1.2,256.2,WSW,16,15.4,8.8,256.6,WSW,84.8,424.1,0,18.6,0.214,16,13.81
16/04/2016,10:00:00,14.6,10.2,2.2,243.5,WSW,27.2,18.9,9.1,243.5,WSW,67.6,664.4,0,22.1,0.402,15.8,13.81
16/04/2016,11:00:00,14,9.5,2.4,258.8,W,22.7,21.3,8.9,259.8,W,53.3,674.7,0,24.5,0.467,14.4,13.81
16/04/2016,12:00:00,12.4,6.7,2.8,248.1,WSW,48.5,18.9,5.1,253.9,WSW,44.5,679.3,0,26,0.491,13,13.79
16/04/2016,13:00:00,14.1,7.3,2.9,182.2,S,53.3,17.8,5.3,175.9,S,45.7,814.5,0,27.3,0.592,14.6,13.79
16/04/2016,14:00:00,14.1,7.5,3.1,187.6,S,94.9,17.8,1.7,261.9,W,45.4,733.8,0,28,0.544,15.1,13.79
16/04/2016,15:00:00,13.4,7.1,2.6,198.8,SSW,86.1,16.6,2.6,228.3,SW,44.2,625.5,0,28.2,0.476,14.9,13.71
16/04/2016,16:00:00,16.4,8.1,3.2,226.4,SW,45.5,20.1,6.2,226.6,SW,44.5,331.6,0,27.7,0.298,14.5,13.69
16/04/2016,17:00:00,10.4,6.8,1.8,190.2,S,14.4,13,6.6,189.5,S,47.1,86.5,0,26.6,0.143,14.4,13.2
16/04/2016,18:00:00,11.5,6.4,2.5,182.6,S,17.4,15.4,6.2,178.4,S,52.3,14,0,25.3,0.084,14.7,13.04
16/04/2016,19:00:00,11.7,7,2.3,204.5,SSW,30.3,15.4,6.1,196.3,SSW,60.9,0.5,0,23.6,0.046,15.6,13.02
16/04/2016,20:00:00,8.2,6.2,1.1,236.2,SW,25.7,11.8,5.6,237.4,WSW,65.6,0.5,0,22.2,0.031,15.5,13
16/04/2016,21:00:00,14.6,8.3,2.9,231,SW,18.2,17.8,8,226.8,SW,71,0.5,0,20.9,0.034,15.4,12.98
16/04/2016,22:00:00,16,11.4,1.8,206.9,SSW,15.7,20.1,11,206.2,SSW,77.5,0.5,0,20.8,0.037,16.7,12.96
16/04/2016,23:00:00,15.7,10.4,2.4,193.8,SSW,9.6,20.1,10.2,193.8,SSW,81.6,0.5,0,20.4,0.024,17.2,12.96
17/04/2016,0:00:00,9.6,6.2,1.1,189.7,S,10.9,13,6.1,189.4,S,83.6,0.5,0,19.9,0.008,17,12.94
17/04/2016,1:00:00,9.2,4.6,1.8,195.7,SSW,13.1,11.8,4.5,195.5,SSW,85.8,0.5,0,19.1,0,16.6,12.92
17/04/2016,2:00:00,8.6,5.6,1,210.9,SSW,15.6,10.6,5.4,211.9,SSW,87.8,0.5,0,18.5,0,16.5,12.9
17/04/2016,3:00:00,7.5,4.6,1.2,215.6,SW,14.2,9.5,4.5,216.8,SW,89.9,0.5,0,17.9,-0.004,16.2,12.88
17/04/2016,4:00:00,4.2,2.2,0.8,204.9,SSW,92.1,5.9,0.6,218.1,SW,93.7,0.5,0,16.4,-0.012,15.4,12.86
17/04/2016,5:00:00,8.5,4.7,2.1,246.6,WSW,55.3,10.6,3.8,296.2,WNW,95.3,0.5,0,15.2,-0.009,14.5,12.82
17/04/2016,6:00:00,3.3,1.4,0.8,105.9,ESE,45.9,5.9,1,7.1,N,97,0.5,0,13.6,-0.014,13.2,12.81
17/04/2016,7:00:00,8.2,3.2,2,226.3,SW,42.7,10.6,2.9,246.7,WSW,98.6,15.6,0,14.4,-0.037,14.1,12.79
17/04/2016,8:00:00,7.2,4.3,1.6,271.6,W,31.2,9.5,3.8,271.8,W,95.5,198.5,0,17.1,0.084,16.3,12.86
17/04/2016,9:00:00,11.1,7.8,1.7,213.8,SW,29.8,14.2,6.8,214.1,SW,85,434.9,0,20.9,0.238,18.2,13.81
17/04/2016,10:00:00,10.6,4.2,1.8,170.4,S,58.1,13,3,159.3,SSE,74.6,514.4,0,23,0.333,18.2,13.79
17/04/2016,11:00:00,10.1,6.6,1.7,119.3,ESE,47.9,14.2,4.8,119.8,ESE,65.9,504.1,0,24.7,0.354,17.9,13.79
17/04/2016,12:00:00,9.4,4.8,2.2,145.6,SE,92.6,11.8,1.1,106.6,ESE,57.5,642.8,0,26.5,0.461,17.4,13.79
17/04/2016,13:00:00,13.7,6.4,2.6,211.5,SSW,74.4,22.5,3.1,302.5,WNW,52.9,591.3,0,27,0.448,16.6,13.79
17/04/2016,14:00:00,13.8,7,2.8,239.5,WSW,64.1,18.9,4.5,261.4,W,47.3,674.3,0,27.3,0.495,15.1,13.79
17/04/2016,15:00:00,13.3,7.4,3.4,229.6,SW,76.9,17.8,4.2,302.1,WNW,45.9,395,0,27.7,0.343,15,13.73
17/04/2016,16:00:00,15.3,11.6,1.9,319.6,NW,17.4,21.3,11.1,333.9,NNW,47.5,101.7,0,26.4,0.203,14.4,13.2
17/04/2016,17:00:00,11.3,8.4,1.6,270,W,22.4,14.2,7.7,268.5,W,51.2,52.1,0,25.6,0.134,14.8,13.08
17/04/2016,18:00:00,8,4.3,1.5,268.2,W,13.1,9.5,4.2,270.2,W,54,12,0,24.3,0.061,14.4,13.02
17/04/2016,19:00:00,6.4,3.3,1.7,271.8,W,31.9,8.3,2.9,282,WNW,59.7,0.5,0,22,0.013,13.8,13
17/04/2016,20:00:00,6.6,4.7,0.6,249.5,WSW,14.4,8.3,4.5,249.5,WSW,63.5,0.5,0,20.9,0.021,13.7,12.98
17/04/2016,21:00:00,5.9,4,0.8,242.2,WSW,20.2,7.1,3.8,243.8,WSW,68.8,0.5,0,18.9,0.011,13.1,12.98
17/04/2016,22:00:00,4.7,3.5,0.7,221.5,SW,40,5.9,2.7,221.5,SW,76,0.5,0,17.5,0.002,13.2,12.94
17/04/2016,23:00:00,6.7,4.7,1.1,195.5,SSW,21.4,8.3,4.4,199.2,SSW,82.4,0.5,0,17.8,0.002,14.7,12.94
18/04/2016,0:00:00,6,4.4,0.8,242.8,WSW,9.1,7.1,4.4,242.6,WSW,87,0.5,0,17.2,-0.002,15,12.92
18/04/2016,1:00:00,5,3.8,0.7,247,WSW,16.7,5.9,3.7,246.8,WSW,90.6,0.5,0,16,-0.007,14.5,12.9
18/04/2016,2:00:00,6.6,4.4,0.9,273.1,W,11.6,8.3,4.3,272.2,W,93.3,0.5,0,15.1,-0.008,14,12.88
18/04/2016,3:00:00,6.5,4.8,0.9,250.2,WSW,10.7,8.3,4.8,251.3,WSW,94.7,0.5,0,15.1,-0.008,14.3,12.86
18/04/2016,4:00:00,5.6,4,0.8,249.7,WSW,12.6,7.1,3.9,249.2,WSW,96.2,0.5,0,14,-0.011,13.4,12.82
18/04/2016,5:00:00,5.9,3.9,1.3,259.7,W,10.3,7.1,3.8,260.5,W,97.7,0.5,0,13.8,-0.012,13.4,12.79
18/04/2016,6:00:00,6.1,3.8,0.9,268.8,W,9.9,7.1,3.7,268.5,W,98.6,0.5,0,13.5,-0.012,13.3,12.79
18/04/2016,7:00:00,7.5,4.7,1.2,275.8,W,7.3,9.5,4.7,276.1,W,99.1,40.4,0,13.6,-0.001,13.5,12.77
18/04/2016,8:00:00,10.9,8.9,1.3,265.6,W,10.6,14.2,8.8,265.3,W,95.4,211.6,0,17.1,0.082,16.3,13.73
18/04/2016,9:00:00,13.7,11,1.4,239.8,WSW,15.9,18.9,10.6,240,WSW,82.1,420.2,0,20.9,0.23,17.7,13.81
18/04/2016,10:00:00,13.1,8.7,2.2,228.6,SW,28.1,16.6,7.8,228.6,SW,72.7,598.4,0,22.9,0.368,17.8,13.79
18/04/2016,11:00:00,11.8,5.8,2.7,231.6,SW,59.5,15.4,4.2,256,WSW,62.7,736.5,0,25.1,0.492,17.4,13.79
18/04/2016,12:00:00,12.8,7.4,2.6,263.1,W,50.7,17.8,5.3,294.1,WNW,57.2,802.3,0,26.5,0.56,17.3,13.79
18/04/2016,13:00:00,14.7,8,2.8,271.1,W,44.3,17.8,6.2,291.4,WNW,52.8,618.4,0,26.8,0.465,16.4,13.79
18/04/2016,14:00:00,15.7,8.6,3.7,259,W,55,18.9,6.7,315.4,NW,47.5,448.1,0,27.3,0.374,15.2,13.75
18/04/2016,15:00:00,16.4,11,3.2,272.7,W,33.6,22.5,9.9,337.7,NNW,46.7,301.8,0,27.3,0.313,14.9,13.79
18/04/2016,16:00:00,14.5,7.5,2.4,304.5,NW,21.6,17.8,7.1,326.7,NNW,46,139.9,0,26.7,0.19,14.1,13.36
18/04/2016,17:00:00,8.6,4.7,1.8,275.1,W,33.9,11.8,4.1,294,WNW,45,149.5,0,26.7,0.146,13.7,13.34
18/04/2016,18:00:00,11.6,3.2,2,267.2,W,19.6,15.4,3,268.8,W,48.9,22.2,0,24.4,0.042,13,13.04
18/04/2016,19:00:00,4,1.6,1,258.8,W,50.4,4.7,1.1,274.2,W,56.8,0.5,0,20.7,-0.004,11.8,13.02
18/04/2016,20:00:00,8.5,1.9,2.2,265,W,48.1,11.8,1.7,284.9,WNW,61.4,0.5,0,18.4,-0.001,10.8,13
18/04/2016,21:00:00,10.5,3.3,3.3,234.7,SW,67.7,13,2.4,314.5,NW,65,0.5,0,18,0.007,11.3,12.98
18/04/2016,22:00:00,6.1,4,0.9,241.4,WSW,31.9,8.3,3.4,241.3,WSW,69.5,0.5,0,19.3,0.01,13.6,12.98
18/04/2016,23:00:00,7.6,4.8,1.1,196.4,SSW,14,11.8,4.7,196.5,SSW,81.4,0.5,0,18.9,0.005,15.6,12.96
19/04/2016,0:00:00,6.7,4.3,1.3,214.9,SW,14.6,8.3,4.1,214.4,SW,88.1,0.5,0,18,-0.003,16,12.94
19/04/2016,1:00:00,8.2,5.7,1.2,254.1,WSW,10.3,10.6,5.6,254.2,WSW,91.7,0.5,0,17,-0.004,15.7,12.92
19/04/2016,2:00:00,5.2,3.3,1,267.1,W,12.9,5.9,3.2,268,W,94.2,0.5,0,15.8,-0.01,14.9,12.9
19/04/2016,3:00:00,4.8,3.4,0.7,271.7,W,14.8,5.9,3.3,272.9,W,97,0.5,0,15.1,-0.012,14.7,12.9
19/04/2016,4:00:00,9.6,3.6,2,270.8,W,18.8,11.8,3.5,275.3,W,97.7,0.5,0,14.5,-0.012,14.2,12.86
19/04/2016,5:00:00,3.7,1.5,1.2,266.1,W,52.1,4.7,1.3,289.5,WNW,98.3,0.5,0,13.7,-0.014,13.4,12.82
19/04/2016,6:00:00,3.7,2.6,0.7,304.5,NW,23.6,4.7,2.4,306.8,NW,99.4,0.5,0,13.4,-0.013,13.4,12.81
19/04/2016,7:00:00,3.5,1.3,1.2,169.8,S,55.2,4.7,1,3.7,N,100,39.2,0,12.8,-0.002,12.7,12.79
19/04/2016,8:00:00,5.7,3.3,1,263.1,W,34.5,7.1,2.8,291.2,WNW,98.5,180.9,0,16,0.076,15.7,13.59
19/04/2016,9:00:00,7.5,4.6,1.5,243.4,WSW,44.4,9.5,3.7,254.9,WSW,89.3,407.7,0,19.9,0.223,18,13.65
19/04/2016,10:00:00,8.6,4.9,1.7,146.1,SE,76.5,11.8,2.3,21.7,NNE,79.6,473.7,0,22.1,0.292,18.4,13.81
19/04/2016,11:00:00,10.5,5,2,130.5,SE,77.5,13,2.8,68.1,ENE,70,572.2,0,24.4,0.39,18.6,13.79
19/04/2016,12:00:00,9,4.6,2.1,145.6,SE,74,11.8,2.4,125.7,SE,66.1,584.6,0,25.2,0.412,18.4,13.79
19/04/2016,13:00:00,10.5,5.5,2.1,200.5,SSW,94.5,13,0.1,239.2,WSW,62.5,591.3,0,25.5,0.415,17.8,13.79
19/04/2016,14:00:00,10.5,5.3,2.1,178.1,S,83.2,14.2,2.2,25.4,NNE,56.2,419.2,0,26.8,0.332,17.4,13.79
19/04/2016,15:00:00,8.7,5.2,2.2,199.1,SSW,70.9,11.8,2.7,354.4,N,50.8,434.7,0,27.7,0.345,16.6,13.79
19/04/2016,16:00:00,7.7,4.2,1.8,184.1,S,58.1,11.8,3,351.1,N,52,139,0,26.7,0.15,16,13.63
19/04/2016,17:00:00,6.5,3,1.7,213.6,SSW,71,8.3,1.6,313.1,NW,53,138.8,0,26.5,0.118,16.1,13.55
19/04/2016,18:00:00,5.9,2.6,1,300.9,WNW,24.2,7.1,2.4,317.3,NW,56.1,13.4,0,25,0.037,15.6,13.04
19/04/2016,19:00:00,3.6,2,1.2,300.5,WNW,48.2,4.7,2,324.7,NW,62.7,0.5,0,21.3,0.001,13.9,13.02
19/04/2016,20:00:00,8.5,2.7,1.4,242.6,WSW,37.8,10.6,2.3,246.7,WSW,69.6,0.5,0,18.5,0.001,12.8,13.02
19/04/2016,21:00:00,5.7,3.6,0.9,232.3,SW,42.8,5.9,2.7,234.9,SW,73.9,0.5,0,17.6,0.004,12.9,12.98
19/04/2016,22:00:00,7.3,4,1.1,238.9,WSW,34,9.5,3.4,246,WSW,79.1,0.5,0,17.2,0.002,13.6,12.96
19/04/2016,23:00:00,6.4,3.8,1,253.5,WSW,9.4,8.3,3.8,252,WSW,84,0.5,0,16,-0.003,13.3,12.94
20/04/2016,0:00:00,9.5,6.7,1.3,215.5,SW,9.5,13,6.6,215.3,SW,85.3,0.5,0,17.9,0.006,15.3,12.94
20/04/2016,1:00:00,5,3,1.4,262.6,W,14.7,5.9,2.9,262.3,W,90.6,0.5,0,16.8,-0.008,15.2,12.92
20/04/2016,2:00:00,4.8,2.1,1.4,260,W,45,5.9,1.9,302.9,WNW,94.5,0.5,0,15.7,-0.012,14.9,12.9
20/04/2016,3:00:00,5.1,3.8,0.7,285.3,WNW,18.8,5.9,3.7,287.4,WNW,96.3,0.5,0,14.9,-0.011,14.3,12.88
20/04/2016,4:00:00,4.6,3.3,1,294.1,WNW,20.3,5.9,3.1,298.8,WNW,97.1,0.5,0,14.5,-0.012,14,12.84
20/04/2016,5:00:00,6.3,4.3,1,276.2,W,16.7,8.3,4.1,277.5,W,98.4,0.5,0,14.2,-0.012,13.9,12.82
20/04/2016,6:00:00,7.5,5.4,0.9,273.9,W,9.8,9.5,5.4,274,W,99.5,0.5,0,13.8,-0.012,13.7,12.79
20/04/2016,7:00:00,7.9,5.4,1.2,249.2,WSW,16.6,9.5,5.3,251.6,WSW,100,40.6,0,13.6,-0.001,13.6,12.79
20/04/2016,8:00:00,11.1,7.4,1.4,243,WSW,23.3,14.2,6.8,244.1,WSW,97.8,214.6,0,17.2,0.081,16.8,13.75
20/04/2016,9:00:00,11.2,8.6,1.3,196.5,SSW,15.1,14.2,8.3,196.3,SSW,81.7,423.2,0,21.7,0.239,18.4,13.81
20/04/2016,10:00:00,12.1,7.4,2.5,213.2,SSW,41.6,16.6,6.1,210,SSW,70.3,607.2,0,23.9,0.386,18.1,13.79
20/04/2016,11:00:00,12.1,5.3,2.5,219.9,SW,69.7,15.4,2.8,253.6,WSW,61,737.6,0,26.2,0.506,18.1,13.79
20/04/2016,12:00:00,16,8.1,4,239.4,WSW,66.9,21.3,5.5,278.1,W,53,800.2,0,27.3,0.57,16.9,13.79
20/04/2016,13:00:00,18.9,9.5,3.7,254.6,WSW,42.8,23.7,8,268.3,W,48,816,0,27.9,0.596,15.9,13.79
20/04/2016,14:00:00,16.5,10.4,3,263.4,W,51.5,21.3,7.6,286.5,WNW,43.9,685,0,28.4,0.534,14.9,13.79
20/04/2016,15:00:00,17.3,7.4,3.9,258,WSW,48.6,22.5,5.8,286.8,WNW,44.3,394.6,0,28.3,0.35,15,13.65
20/04/2016,16:00:00,14,6.8,3.5,177.7,S,91,20.1,2.4,269.7,W,43.7,333.4,0,28.6,0.291,15,13.63
20/04/2016,17:00:00,9.3,5.4,1.8,275.7,W,29.7,11.8,4.7,274.2,W,43.9,80.1,0,27.4,0.13,14,13.26
20/04/2016,18:00:00,13.6,6.2,2.8,256.9,WSW,9.1,16.6,6.1,257,WSW,46.7,19.4,0,25.6,0.078,13.3,13.04
20/04/2016,19:00:00,6.6,2.8,1.1,281.5,WNW,22.9,8.3,2.5,278.1,W,53.4,0.5,0,21.4,0.011,11.5,13.02
20/04/2016,20:00:00,4.8,3.7,0.7,248.4,WSW,13.1,5.9,3.6,249.4,WSW,61.1,0.5,0,18.8,0.014,11.1,13
20/04/2016,21:00:00,12.5,9.4,1.7,218.8,SW,10.3,16.6,9.2,217.9,SW,66.5,0.5,0,20.4,0.047,13.9,12.98
20/04/2016,22:00:00,12.5,9.5,1.5,212,SSW,9.2,17.8,9.4,211.9,SSW,78.9,0.5,0,20.2,0.026,16.4,12.96
20/04/2016,23:00:00,11.9,7.7,1.7,221.4,SW,13.1,15.4,7.5,219.9,SW,86.2,0.5,0,19.5,0.008,17.2,12.96
21/04/2016,0:00:00,6.7,3.4,1.2,241,WSW,20.2,8.3,3.2,236.5,WSW,90.8,0.5,0,17.9,-0.007,16.4,12.94
21/04/2016,1:00:00,4.7,3.6,0.8,288.9,WNW,8.7,5.9,3.5,289.5,WNW,93.1,0.5,0,16.3,-0.009,15.2,12.92
21/04/2016,2:00:00,6,3.9,0.8,288.4,WNW,7.1,7.1,3.9,288.3,WNW,94.2,0.5,0,15.7,-0.009,14.8,12.9
21/04/2016,3:00:00,2.8,1.6,0.7,268.1,W,13,3.5,1.6,267.6,W,95.7,0.5,0,14.5,-0.013,13.9,12.88
21/04/2016,4:00:00,4,2.9,0.7,275,W,12.3,4.7,2.9,276.3,W,97.9,0.5,0,13.8,-0.013,13.5,12.84
21/04/2016,5:00:00,2.8,1.5,0.6,205.8,SSW,37.4,3.5,1.3,215.7,SW,98.5,0.5,0,12.5,-0.014,12.3,12.82
21/04/2016,6:00:00,4,2.8,0.6,233.5,SW,29.2,4.7,2.5,237,WSW,99.7,0.5,0,12.3,-0.013,12.3,12.79
21/04/2016,7:00:00,5.4,3.3,0.8,275.4,W,10.6,7.1,3.3,275.5,W,100,41.7,0,12.7,-0.001,12.7,12.79
21/04/2016,8:00:00,9.8,7.3,1.4,260.3,W,13.6,13,7.1,259,W,98.3,210.6,0,16.8,0.078,16.4,13.81
21/04/2016,9:00:00,13.4,9.5,1.7,223.5,SW,19.5,17.8,8.9,223.2,SW,87.5,417.6,0,21.1,0.222,18.9,13.81
21/04/2016,10:00:00,13.4,9.7,1.6,204.6,SSW,22.9,29.6,9,204.8,SSW,74.1,602.3,0,23.8,0.373,18.9,13.79
21/04/2016,11:00:00,12.2,7.9,2.2,198,SSW,37,17.8,6.8,203.2,SSW,65.7,725.6,0,25.7,0.486,18.8,13.79
21/04/2016,12:00:00,16.1,8.3,2.5,236.7,WSW,55.6,20.1,5.7,244.3,WSW,59,725.5,0,27,0.52,18.3,13.77
21/04/2016,13:00:00,15.9,8.3,3.4,249.1,WSW,56.6,18.9,5.9,271.4,W,55.3,589.4,0,27.6,0.444,17.8,13.79
21/04/2016,14:00:00,14.4,8.8,3.1,253.2,WSW,52.5,18.9,6.3,268.3,W,52.5,446.9,0,28.1,0.38,17.4,13.67
21/04/2016,15:00:00,11.9,7.3,2.3,289.7,WNW,36.1,15.4,6.4,299.5,WNW,51.8,264,0,27.7,0.253,16.8,13.79
21/04/2016,16:00:00,16,8.8,4.4,244.4,WSW,50.2,21.3,7.1,264.1,W,49.5,366.1,0,28.8,0.32,17.2,13.63
21/04/2016,17:00:00,12.2,7.1,1.8,256.6,WSW,19.3,16.6,6.6,255,WSW,52.2,43.5,0,27,0.122,16.4,13.08
21/04/2016,18:00:00,4.9,3.1,0.8,275.1,W,21.1,5.9,2.9,271.7,W,56.2,9.7,0,24.4,0.043,15.1,13.02
21/04/2016,19:00:00,3.5,2.3,0.7,264.4,W,39.9,4.7,1.9,269.8,W,62.2,0.5,0,21.7,0.003,14.1,13
21/04/2016,20:00:00,9.2,3,1.5,252.4,WSW,15,14.2,2.9,251.5,WSW,65.4,0.5,0,20.5,0.005,13.9,12.98
21/04/2016,21:00:00,14.6,10.9,1.7,210.5,SSW,9.7,16.6,10.7,211.3,SSW,74,0.5,0,21.9,0.043,16.9,12.96
21/04/2016,22:00:00,11.5,8.7,1.2,212.5,SSW,9,15.4,8.6,212.6,SSW,81.8,0.5,0,21.1,0.019,17.8,12.96
21/04/2016,23:00:00,10.3,6.4,1.4,202.5,SSW,9.6,14.2,6.3,202.6,SSW,87.1,0.5,0,20,0.004,17.8,12.94
22/04/2016,0:00:00,5.9,3,1.3,259,W,25.6,9.5,2.7,253.1,WSW,90.6,0.5,0,18.2,-0.008,16.6,12.9
22/04/2016,1:00:00,4.6,2.8,1,281.4,WNW,30.6,4.7,2.5,313.9,NW,93.6,0.5,0,16.6,-0.011,15.6,12.88
22/04/2016,2:00:00,4.3,2.3,1.3,296.8,WNW,22.9,4.7,2.2,327.6,NNW,94.9,0.5,0,15.3,-0.012,14.5,12.84
22/04/2016,3:00:00,4.6,1.8,1,251.5,WSW,28.9,4.7,1.6,337.3,NNW,95.9,0.5,0,14.5,-0.013,13.9,12.82
22/04/2016,4:00:00,3.9,1.7,0.8,273.9,W,28.4,4.7,1.5,329.7,NNW,95.2,0.5,0,13.9,-0.013,13.1,12.79
22/04/2016,5:00:00,2.4,0.6,0.7,161.6,SSE,75,3.5,0.3,93.8,E,95.7,0.5,0,12.9,-0.014,12.2,12.77
22/04/2016,6:00:00,1.7,0.6,0.6,241.5,WSW,56.7,2.4,0.6,275.2,W,97.5,0.5,0,12.6,-0.014,12.3,12.77
22/04/2016,7:00:00,2.1,0.9,0.7,219.4,SW,31.8,2.4,0.9,232.5,SW,99.4,38,0,12.9,-0.003,12.8,12.75
22/04/2016,8:00:00,5,3.1,1,249.6,WSW,28.7,5.9,2.8,249.3,WSW,96.8,204.2,0,16.8,0.084,16.3,13.71
22/04/2016,9:00:00,5.6,3,1.1,227.9,SW,74.6,7.1,1.2,270.3,W,86.4,411.2,0,21.1,0.236,18.7,13.81
22/04/2016,10:00:00,8.7,4.3,1.4,145.7,SE,71.2,11.8,2.3,50.9,NE,74.9,590,0,24.3,0.381,19.5,13.79
22/04/2016,11:00:00,11.6,4.6,1.8,168.9,S,70.6,17.8,2.3,19,NNE,66.8,719.4,0,26.5,0.495,19.8,13.79
22/04/2016,12:00:00,12.7,6.5,2.9,220.3,SW,46.2,17.8,5.1,335.3,NNW,59,787.9,0,27.9,0.562,19.2,13.79
22/04/2016,13:00:00,20.5,10.3,4.3,263.5,W,39.4,26,8.9,318,NW,51.8,806.3,0,29.1,0.599,18.2,13.79
22/04/2016,14:00:00,17.7,10.1,3.4,281.6,WNW,42.9,23.7,8.2,306.5,NW,46.9,517.7,0,29.2,0.448,16.7,13.79
22/04/2016,15:00:00,16.4,8.3,2.8,302.4,WNW,18.6,20.1,7.9,330.2,NNW,49.1,130.4,0,28.1,0.197,16.5,13.71
22/04/2016,16:00:00,10.9,5.2,1.9,125.1,SE,37.1,14.2,4.2,16.1,NNE,46.4,291.9,0,29.4,0.252,16.7,13.77
22/04/2016,17:00:00,13.4,7.5,2.5,315.4,NW,25.3,16.6,6.7,321.4,NW,46.3,79.2,0,28.5,0.154,15.8,13.1
22/04/2016,18:00:00,6.6,3.7,1.2,254.4,WSW,14.2,9.5,3.6,349.7,N,51.2,9.5,0,25.8,0.054,15,13.02
22/04/2016,19:00:00,3.3,1.9,0.5,241.6,WSW,27.2,3.5,1.7,337,NNW,57.6,0.5,0,22.3,0.001,13.5,13
22/04/2016,20:00:00,3.6,0.8,1,234.5,SW,50.3,4.7,0.6,301.5,WNW,66.1,0.5,0,19.7,-0.012,13.2,13
22/04/2016,21:00:00,4,1.4,1,184.2,S,62.5,4.7,0.8,325.7,NW,67.5,0.5,0,18.4,-0.007,12.3,12.98
22/04/2016,22:00:00,10.5,2.5,1.7,121,ESE,90.3,13,0.3,258.4,WSW,70,0.5,0,17.8,-0.001,12.2,12.96
22/04/2016,23:00:00,2,0.7,0.6,183.4,S,101.4,2.4,0.1,316.3,NW,72.1,0.5,0,17.1,-0.013,12.1,12.94
23/04/2016,0:00:00,4.2,2.1,1.3,188.2,S,69,4.7,1.5,191.2,S,77.3,0.5,0,15.2,-0.006,11.3,12.94
23/04/2016,1:00:00,3.8,1.6,1,189.7,S,71.2,5.9,0.5,31.6,NNE,77.8,0.5,0,14.6,-0.009,10.7,12.92
23/04/2016,2:00:00,3.8,1.4,1.2,234.5,SW,62,4.7,1,318.3,NW,79.3,0.5,0,13.5,-0.01,9.9,12.9
23/04/2016,3:00:00,4.7,2.1,1.4,239.8,WSW,60.3,5.9,1.7,264.2,W,83.4,0.5,0,13,-0.008,10.3,12.88
23/04/2016,4:00:00,2.8,0.8,0.9,196.9,SSW,73.6,3.5,0.6,225.8,SW,85.9,0.5,0,12.7,-0.013,10.4,12.86
23/04/2016,5:00:00,3.4,1.4,0.8,243.2,WSW,66.8,3.5,0.8,273.3,W,88.8,0.5,0,12.4,-0.012,10.6,12.84
23/04/2016,6:00:00,7.9,2.7,2.2,264.3,W,41.3,9.5,2.5,288.2,WNW,89.1,0.5,0,12.5,-0.009,10.7,12.82
23/04/2016,7:00:00,8,4,1.8,271.9,W,17,10.6,3.9,276.3,W,92.5,34.3,0,14.2,0.002,13,12.81
23/04/2016,8:00:00,8.6,5.4,1.5,253.2,WSW,17.8,11.8,5.1,251.9,WSW,90,200.7,0,17.6,0.086,15.9,13.71
23/04/2016,9:00:00,8.4,6,1.2,256.7,WSW,30.2,10.6,5.3,256.5,WSW,82.7,406.3,0,22,0.236,18.9,13.81
23/04/2016,10:00:00,7.7,4.2,1.8,245.2,WSW,62.5,11.8,2.8,285.9,WNW,75.9,596.8,0,24.4,0.385,19.9,13.79
23/04/2016,11:00:00,10,5.1,2.4,213.4,SSW,84.7,13,1.8,249.6,WSW,67.9,720.2,0,26.6,0.494,20.2,13.79
23/04/2016,12:00:00,17.2,7.3,3.7,231.1,SW,75.5,20.1,3.8,283.4,WNW,56.1,754.1,0,28.3,0.547,18.7,13.73
23/04/2016,13:00:00,20.5,11.1,3.9,243.3,WSW,52,27.2,8.5,330.2,NNW,45.7,685.7,0,29.5,0.555,16.6,13.79
23/04/2016,14:00:00,22.7,13.2,4.1,238.5,WSW,25.9,33.1,12.1,342.3,NNW,42.3,578.6,0,29.7,0.507,15.6,13.75
23/04/2016,15:00:00,24.2,14.3,3.5,243,WSW,25.3,29.6,13,340.2,NNW,41,434.7,0,29.7,0.429,15,13.71
23/04/2016,16:00:00,23.4,15.2,3.5,257.3,WSW,24.1,28.4,14,334.5,NNW,40,402.9,0,29.9,0.41,14.8,13.79
23/04/2016,17:00:00,20.6,16.1,2.2,323.1,NW,12.1,24.9,15.7,323.4,NW,40.5,168.6,0,28.7,0.28,13.9,13.77
23/04/2016,18:00:00,15.9,12.2,1.9,327.2,NNW,9.2,22.5,12.1,327,NNW,42.4,15.9,0,26.6,0.147,12.8,13.04
23/04/2016,19:00:00,9.1,6.6,1.2,334,NNW,6.7,13,6.6,333.9,NNW,46.7,0.5,0,23.7,0.062,11.6,13
23/04/2016,20:00:00,11.2,5,1.3,331.9,NNW,23.9,14.2,4.4,332,NNW,50.9,0.5,0,21.4,0.035,10.8,13
23/04/2016,21:00:00,12.1,6.3,1.9,263.8,W,23.6,16.6,5.8,267.6,W,55.1,0.5,0,20.5,0.044,11.1,12.98
23/04/2016,22:00:00,13.8,9.1,1.9,211.8,SSW,13.2,16.6,8.9,211.4,SSW,76.4,0.5,0,20.7,0.03,16.3,12.98
23/04/2016,23:00:00,9.8,7.2,1,219.1,SW,12.4,13,7,218.6,SW,84,0.5,0,19.9,0.01,17.1,12.96
24/04/2016,0:00:00,9.9,6.9,0.9,232.9,SW,19.5,11.8,6.5,232,SW,86.5,0.5,0,19.2,0.006,16.9,12.94
24/04/2016,1:00:00,10.6,7.4,1.3,265.6,W,14.5,14.2,7.1,267.2,W,89.6,0.5,0,17.4,0.002,15.7,12.92
24/04/2016,2:00:00,13,9.5,1.7,283.3,WNW,6.1,17.8,9.4,283.3,WNW,88.7,0.5,0,16.6,0.006,14.7,12.92
24/04/2016,3:00:00,10,7.4,1.7,282.3,WNW,8.9,13,7.3,283.5,WNW,81.7,0.5,0,16,0.011,12.9,12.9
24/04/2016,4:00:00,7.6,4.4,1.9,278.5,W,14.9,9.5,4.2,283.5,WNW,80.2,0.5,0,14.2,0.001,10.9,12.86
24/04/2016,5:00:00,8,5.2,1.4,266.1,W,26.9,9.5,4.7,271.9,W,79.6,0.5,0,13.7,0.005,10.3,12.84
24/04/2016,6:00:00,6,4.1,0.9,252.2,WSW,24.7,7.1,3.7,251.8,WSW,86.8,0.5,0,11.2,-0.004,9.1,12.81
24/04/2016,7:00:00,5.5,3.1,1,278.7,W,21.1,5.9,3,283.2,WNW,88.6,36.9,0,11.2,0.003,9.4,12.81
24/04/2016,8:00:00,10.6,5.8,1.9,274.6,W,13.3,14.2,5.7,274.4,W,78.4,209,0,15.3,0.09,11.5,13.81
24/04/2016,9:00:00,15.1,11.3,1.6,280.8,W,12.2,18.9,11,281.1,W,66.1,418.1,0,19.2,0.242,12.7,13.81
24/04/2016,10:00:00,17.5,12.9,2,262.3,W,17.4,22.5,12.3,263.1,W,59.1,603.8,0,21.8,0.377,13.4,13.81
24/04/2016,11:00:00,15.6,10.7,2.9,246.4,WSW,25.1,18.9,9.8,244.3,WSW,55.8,738.3,0,23.4,0.479,14,13.81
24/04/2016,12:00:00,15,9.2,2.9,228,SW,30.3,18.9,8.2,229.7,SW,51.7,803.1,0,24.6,0.541,14,13.81
24/04/2016,13:00:00,16.4,9.1,3.2,232.4,SW,37.1,20.1,7.7,235.2,SW,47.9,785.6,0,25.6,0.549,13.8,13.81
24/04/2016,14:00:00,20.4,9.9,4,250.6,WSW,35.7,27.2,8.4,253.9,WSW,44.9,707.9,0,26.5,0.519,13.5,13.79
24/04/2016,15:00:00,19.3,13.2,2.9,251.3,WSW,34,27.2,11.2,251.8,WSW,40.4,545.8,0,27,0.455,12.4,13.79
24/04/2016,16:00:00,20.1,13.7,2.5,227.1,SW,20.6,24.9,12.9,227.5,SW,43.1,288.5,0,26.9,0.315,13.3,13.55
24/04/2016,17:00:00,30.1,16.2,6.6,241.7,WSW,17.7,37.9,15.5,241.6,WSW,62.7,45.2,0,23.4,0.145,15.5,13.08
24/04/2016,18:00:00,30.4,19.7,3.7,262.3,W,9.5,41.4,19.4,263.2,W,76,4.6,0,20.9,0.084,16.6,13.02
24/04/2016,19:00:00,23.3,16,2.5,257,WSW,8.8,29.6,15.8,257.2,WSW,76,0.5,0,19.2,0.052,14.9,13
24/04/2016,20:00:00,17.5,11.1,2.9,257.4,WSW,8.4,21.3,11,258,WSW,77.7,0.5,0,18,0.031,14.1,12.98
24/04/2016,21:00:00,8.7,6.8,0.6,259.7,W,10.5,10.6,6.7,259.7,W,82.5,0.5,0,16.2,0.008,13.2,12.98
24/04/2016,22:00:00,7.8,6.3,0.7,281.8,WNW,8.2,9.5,6.3,282,WNW,80.8,0.5,0,15.3,0.008,12.1,12.96
24/04/2016,23:00:00,7.7,5.8,1,280.1,W,7.5,9.5,5.7,280.4,W,82.3,0.5,0,14.1,0.004,11.1,12.94
25/04/2016,0:00:00,7.4,3.9,1.6,258.3,WSW,24.8,9.5,3.6,264.4,W,85.8,0.5,0,12.8,-0.004,10.5,12.92
25/04/2016,1:00:00,4.6,3.3,0.8,253.4,WSW,29.4,7.1,2.9,256.4,WSW,90.2,0.5,0,11.3,-0.008,9.7,12.88
25/04/2016,2:00:00,9.1,4.7,2.2,280.1,W,17,11.8,4.6,284.8,WNW,89.8,0.5,0,11.8,-0.005,10.2,12.86
25/04/2016,3:00:00,5.7,3.3,1.3,263,W,29.8,7.1,2.9,271.2,W,91.4,0.5,0,11,-0.009,9.6,12.84
25/04/2016,4:00:00,3.4,1.5,1.2,258.1,WSW,50.1,3.5,1.3,273.5,W,94.5,0.5,0,9.4,-0.012,8.6,12.81
25/04/2016,5:00:00,6.4,1.8,2,254,WSW,53.3,8.3,1.4,287.3,WNW,96.5,0.5,0,8.9,-0.013,8.3,12.77
25/04/2016,6:00:00,2.1,1.3,0.6,194.5,SSW,43.3,2.4,1,183.6,S,95.8,0.5,0,8.6,-0.013,8,12.77
25/04/2016,7:00:00,3.7,1.6,0.9,223.4,SW,48,4.7,1.3,245.6,WSW,98.4,34.6,0,8.9,-0.004,8.6,12.75
25/04/2016,8:00:00,14.9,9.1,3.2,288.7,WNW,10.9,18.9,9,290.1,WNW,92.5,203.3,0,14.3,0.071,13,13.83
25/04/2016,9:00:00,16.8,11.4,1.5,296.6,WNW,16.6,22.5,10.9,296.7,WNW,78.8,409.9,0,17.8,0.206,14,13.81
25/04/2016,10:00:00,21.9,15.5,3.1,263.4,W,14.9,33.1,15.1,263.6,W,69,595.7,0,20.6,0.338,14.8,13.81
25/04/2016,11:00:00,28.8,20.4,3.3,253.7,WSW,15.9,36.7,19.6,253.4,WSW,62.4,704.6,0,22.9,0.434,15.4,13.81
25/04/2016,12:00:00,33,25.6,3.7,235.3,SW,13.4,47.3,25,234.4,SW,54.8,818.8,0,24.6,0.537,14.9,13.81
25/04/2016,13:00:00,32.8,22,3.5,235.5,SW,17.8,40.2,21,235.2,SW,49.5,761.9,0,25.4,0.549,14.1,13.81
25/04/2016,14:00:00,30.6,23.1,3.3,241.8,WSW,12.8,41.4,22.5,241.7,WSW,53.2,566.4,0,25.4,0.443,15.2,13.81
25/04/2016,15:00:00,31.9,23.1,3.3,250.5,WSW,13,39,22.5,250.4,WSW,55.5,494.4,0,25.1,0.395,15.6,13.81
25/04/2016,16:00:00,29.6,22,3,250.9,WSW,14.2,36.7,21.4,250.7,WSW,54.4,334.4,0,25.1,0.324,15.2,13.73
25/04/2016,17:00:00,27.5,19.8,3.1,268.1,W,10.9,34.3,19.5,268.6,W,59.7,151.4,0,23.9,0.2,15.6,13.67
25/04/2016,18:00:00,21.5,15.9,2.5,250.7,WSW,11.3,31.9,15.6,251.1,WSW,64.7,12,0,22.4,0.097,15.4,13.04
25/04/2016,19:00:00,15.8,11.9,2.3,231.8,SW,12.4,18.9,11.6,232.2,SW,70.3,0.5,0,20.9,0.054,15.3,13.02
25/04/2016,20:00:00,11,7.6,1.5,258.6,WSW,13.5,16.6,7.4,257.7,WSW,73.4,0.5,0,20,0.027,15.1,13.02
25/04/2016,21:00:00,13,7.6,2.5,269.9,W,9.7,17.8,7.5,270.4,W,78,0.5,0,18.1,0.018,14.2,13
25/04/2016,22:00:00,13.3,7.5,2,277.6,W,8.6,15.4,7.4,276.8,W,79.9,0.5,0,16.9,0.015,13.4,13
25/04/2016,23:00:00,6.9,4.7,0.8,273.9,W,9.9,8.3,4.6,273.8,W,82.9,0.5,0,15.3,0.001,12.4,12.96
26/04/2016,0:00:00,5.3,3.8,0.6,230.2,SW,35.5,5.9,3.1,229.1,SW,88.2,0.5,0,13.5,-0.006,11.6,12.94
26/04/2016,1:00:00,10,6,1.5,276,W,11.7,11.8,5.8,277.5,W,90.1,0.5,0,14.8,-0.003,13.2,12.92
26/04/2016,2:00:00,12.2,7.7,2.3,281.4,WNW,11,16.6,7.6,282.9,WNW,90.1,0.5,0,15.6,0.001,13.9,12.9
26/04/2016,3:00:00,18.3,12.8,2.5,284.7,WNW,8.4,22.5,12.7,285.2,WNW,88,0.5,0,16.7,0.014,14.7,12.88
26/04/2016,4:00:00,14.4,11.1,1.2,282.6,WNW,6.3,16.6,11,282.5,WNW,89.4,0.5,0,15.8,0.008,14.1,12.86
26/04/2016,5:00:00,10.2,6.8,1.2,278.7,W,7,13,6.8,279.1,W,92.8,0.5,0,14.3,-0.004,13.1,12.84
26/04/2016,6:00:00,11.5,8.5,1.1,275.8,W,7.8,15.4,8.5,275.9,W,94,0.5,0,14.3,-0.003,13.3,12.81
26/04/2016,7:00:00,10.1,7.1,1.6,284.8,WNW,7.3,14.2,7.1,285.1,WNW,94,31.2,0,14.2,0.003,13.2,12.81
26/04/2016,8:00:00,13.7,10.2,1.4,272.6,W,11.3,16.6,10,272.3,W,91.6,200.5,0,15.9,0.075,14.5,13.73
26/04/2016,9:00:00,24.3,17.5,3.5,251,WSW,13.3,30.8,17.1,249.9,WSW,81.2,407.1,0,19.5,0.206,16.1,13.81
26/04/2016,10:00:00,37.9,24.8,5.4,241.8,WSW,15.8,43.8,23.8,240.5,WSW,70.3,596.5,0,22.1,0.342,16.5,13.81
26/04/2016,11:00:00,36.9,29.7,3.7,240.4,WSW,13.3,48.5,28.9,239.7,WSW,60.3,722.3,0,24,0.459,15.8,13.81
26/04/2016,12:00:00,33.8,27.2,3.5,230.4,SW,14.6,42.6,26.4,229.9,SW,55.3,786.4,0,25.2,0.53,15.6,13.81
26/04/2016,13:00:00,31.9,25,3.2,229.3,SW,15.9,46.1,24.1,229.4,SW,53.5,768.3,0,26,0.546,15.8,13.81
26/04/2016,14:00:00,27,22.7,2.6,241.6,WSW,17.4,45,21.7,242.3,WSW,51.8,698,0,26.4,0.519,15.7,13.81
26/04/2016,15:00:00,28.3,19.5,3.4,241.9,WSW,16,42.6,18.8,242.3,WSW,49.9,532.5,0,26.5,0.443,15.2,13.79
26/04/2016,16:00:00,23.6,17.5,2.7,232.6,SW,18.7,28.4,16.6,233.9,SW,51,278.7,0,25.8,0.299,14.9,13.51
26/04/2016,17:00:00,21.9,15.6,3.6,227.2,SW,20.3,31.9,14.7,229.7,SW,52.6,126.7,0,24.8,0.199,14.5,13.26
26/04/2016,18:00:00,23,15.1,3.4,227.4,SW,11.3,27.2,14.8,228.1,SW,56.4,9.8,0,23.1,0.119,14,13.02
26/04/2016,19:00:00,26.7,13.9,7.3,223.5,SW,10.6,35.5,13.7,226.1,SW,64.7,0.5,0,21,0.075,14,13.02
26/04/2016,20:00:00,30.1,21,3.9,235.4,SW,9.7,37.9,20.7,234.8,SW,79.5,0.5,0,19.7,0.056,16.1,13
26/04/2016,21:00:00,20.6,14.4,2.5,239.6,WSW,8.6,27.2,14.3,239.4,WSW,84.2,0.5,0,18.5,0.027,15.8,13
26/04/2016,22:00:00,12.8,8.9,2.2,245.4,WSW,9.1,17.8,8.8,244.8,WSW,88.1,0.5,0,17.3,0.007,15.3,12.98
26/04/2016,23:00:00,6.8,4.7,1.1,259.6,W,16.8,8.3,4.5,261.6,W,92.1,0.5,0,15.4,-0.006,14.2,12.94
27/04/2016,0:00:00,7.5,4,2,260.4,W,26.3,9.5,3.7,272.6,W,93.1,0.5,0,14.3,-0.008,13.2,12.92
27/04/2016,1:00:00,3.3,2.1,0.9,263.1,W,27.6,3.5,2,266.5,W,95.8,0.5,0,12.4,-0.013,11.8,12.88
27/04/2016,2:00:00,9.3,6.4,1.7,291.6,WNW,13.7,11.8,6.3,288.8,WNW,96.1,0.5,0,12.7,-0.008,12.1,12.84
27/04/2016,3:00:00,9.9,8.7,0.7,280.8,W,6.2,13,8.6,280.8,W,95.5,0.5,0,13,-0.005,12.3,12.81
27/04/2016,4:00:00,9,6,1.2,285.3,WNW,8.1,10.6,6,285.1,WNW,96.3,0.5,0,12.5,-0.009,12,12.77
27/04/2016,5:00:00,9.6,7.3,1.3,282.4,WNW,7.1,11.8,7.2,282.4,WNW,96.8,0.5,0,12,-0.008,11.5,12.75
27/04/2016,6:00:00,10.9,8.9,0.7,279,W,5.8,13,8.9,279,W,97.4,0.5,0,12.4,-0.008,12,12.75
27/04/2016,7:00:00,8.9,7,1,280.3,W,9.7,10.6,6.9,280.5,W,97.4,31.9,0,12.4,-0.001,12,12.75
27/04/2016,8:00:00,13.4,9.8,1.9,268.7,W,12.5,16.6,9.6,267.3,W,93.9,197.2,0,15.3,0.069,14.3,13.77
27/04/2016,9:00:00,25.1,18.7,3.6,245.2,WSW,11.6,33.1,18.3,244.9,WSW,82,399.1,0,19.6,0.2,16.4,13.81
27/04/2016,10:00:00,30.2,24.5,3.2,234,SW,12.2,42.6,24,233.9,SW,69.6,580.4,0,22.4,0.342,16.6,13.81
27/04/2016,11:00:00,26.6,19.3,3.1,215.9,SW,20.6,31.9,18.1,216.5,SW,61.1,709.5,0,24.4,0.46,16.4,13.81
27/04/2016,12:00:00,24.4,18.4,2.6,210.5,SSW,16.9,30.8,17.7,210.8,SSW,57.8,771.7,0,25.4,0.52,16.5,13.81
27/04/2016,13:00:00,25,18.7,2.9,214,SW,17.3,35.5,17.9,214.1,SW,57.5,666.7,0,25.9,0.48,16.9,13.81
27/04/2016,14:00:00,25.7,17.9,3.2,210.2,SSW,21,33.1,16.7,211.4,SSW,57.9,643.5,0,26.3,0.468,17.3,13.81
27/04/2016,15:00:00,23.8,15.8,3,200.8,SSW,16.3,29.6,15.1,200.7,SSW,57,449.2,0,26.4,0.369,17.2,13.59
27/04/2016,16:00:00,26.5,19.1,2.8,213.3,SSW,12.8,31.9,18.6,214,SW,60.3,266.8,0,25.7,0.27,17.4,13.67
27/04/2016,17:00:00,21.9,17.3,2.3,206.6,SSW,10.9,29.6,17,207,SSW,63.1,142.5,0,24.7,0.181,17.2,13.61
27/04/2016,18:00:00,22.4,16.4,3.2,209.5,SSW,10.9,28.4,16.1,210.6,SSW,69.3,9.4,0,23.2,0.085,17.2,13.04
27/04/2016,19:00:00,26.1,19.4,2.3,227.1,SW,12.7,33.1,18.9,227.2,SW,77.2,0.5,0,21.8,0.064,17.6,13.02
27/04/2016,20:00:00,19.7,15,2.3,234.9,SW,9.3,23.7,14.9,235,SW,85.8,0.5,0,20,0.026,17.5,13
27/04/2016,21:00:00,13.4,10.1,1.3,240.9,WSW,8.5,16.6,10,240.9,WSW,89.4,0.5,0,18.8,0.008,17,12.98
27/04/2016,22:00:00,12.5,8.5,1.7,242.1,WSW,8.5,16.6,8.4,241.7,WSW,91.7,0.5,0,18,0.001,16.6,12.98
27/04/2016,23:00:00,9.7,7,0.9,255.4,WSW,9.4,11.8,6.9,255.4,WSW,94.3,0.5,0,17.8,-0.005,16.9,12.96
28/04/2016,0:00:00,10.2,6.3,1.6,253.2,WSW,9,13,6.2,253.5,WSW,94.7,0.5,0,17.6,-0.006,16.8,12.94
28/04/2016,1:00:00,9,7.3,0.9,266,W,8.5,11.8,7.2,266.4,W,97.2,0.5,0,16.5,-0.009,16,12.92
28/04/2016,2:00:00,8.8,6.5,0.8,254.2,WSW,10.7,10.6,6.4,254.2,WSW,98,0.5,0,16.3,-0.01,16,12.9
28/04/2016,3:00:00,9.7,7.5,0.9,263.8,W,8.5,11.8,7.4,263.9,W,99.2,0.5,0,15.4,-0.011,15.3,12.86
28/04/2016,4:00:00,11.2,7.6,1.9,271.6,W,7.8,14.2,7.5,271.7,W,99.8,0.5,0,14.6,-0.012,14.6,12.84
28/04/2016,5:00:00,11.5,7,1.6,280,W,8,14.2,6.9,280.1,W,100,0.5,0,14.1,-0.012,14.1,12.81
28/04/2016,6:00:00,6.7,5.5,0.5,278.3,W,8.1,8.3,5.4,278.4,W,100,0.5,0,13.1,-0.013,13.1,12.77
28/04/2016,7:00:00,6.6,5.4,0.6,277.7,W,9.8,8.3,5.3,277.7,W,100,21,0,12.9,-0.007,12.9,12.77
28/04/2016,8:00:00,14.2,8.9,2.3,258.7,WSW,20.8,17.8,8.4,254.7,WSW,99.6,194.1,0,15.7,0.062,15.6,13.51
28/04/2016,9:00:00,19.3,14.9,2.2,205.9,SSW,15.7,23.7,14.4,205,SSW,89.3,385.9,0,20.7,0.189,18.9,13.67
28/04/2016,10:00:00,26.3,19.4,3,198.1,SSW,12.3,35.5,19,198.1,SSW,76.2,569.7,0,23.4,0.332,19,13.81
28/04/2016,11:00:00,24.3,17.9,2.7,204.3,SSW,15.6,31.9,17.3,204.8,SSW,70.5,691.1,0,25,0.433,19.3,13.79
28/04/2016,12:00:00,20.2,15.3,2.3,197.8,SSW,19.2,26,14.5,197.9,SSW,65.8,738.5,0,26.2,0.491,19.3,13.79
28/04/2016,13:00:00,19.2,13.2,3.1,206,SSW,23.1,23.7,12.2,205.7,SSW,61.6,814.6,0,27.3,0.566,19.3,13.79
28/04/2016,14:00:00,15.6,10.3,2.7,206.2,SSW,30.4,21.3,9.1,206.2,SSW,58.5,605.5,0,27.6,0.456,18.7,13.79
28/04/2016,15:00:00,23.5,12.3,3.3,193.9,SSW,25.5,29.6,11.1,196.9,SSW,56.8,421.4,0,27.7,0.351,18.4,13.79
28/04/2016,16:00:00,20.4,14.7,2.6,211.1,SSW,17.9,24.9,13.9,212.1,SSW,57.2,345.5,0,27.6,0.313,18.4,13.79
28/04/2016,17:00:00,16.3,11.8,1.8,206.1,SSW,11.5,20.1,11.5,206.3,SSW,61,58,0,26.2,0.139,18.1,13.1
28/04/2016,18:00:00,17.4,11.1,2.6,194.9,SSW,8.9,22.5,11,194.8,SSW,64.8,8.9,0,25,0.069,17.9,13.02
28/04/2016,19:00:00,16.6,13.2,1.9,201.4,SSW,9.5,23.7,13,201.5,SSW,70.6,0.5,0,23.5,0.064,17.9,13.02
28/04/2016,20:00:00,18.9,13.9,2.1,205.3,SSW,8.9,23.7,13.8,205.7,SSW,76.9,0.5,0,22,0.049,17.8,12.98
28/04/2016,21:00:00,21.1,15,2.9,194.8,SSW,9.6,30.8,14.8,194.7,SSW,81.7,0.5,0,20.8,0.037,17.5,12.98
28/04/2016,22:00:00,17.7,12.8,2.4,196.9,SSW,9.8,24.9,12.7,196.8,SSW,86.6,0.5,0,19.8,0.02,17.5,12.96
28/04/2016,23:00:00,14.8,11.3,1.8,196.8,SSW,10.1,22.5,11.2,196.9,SSW,89.4,0.5,0,19.2,0.01,17.4,12.94
29/04/2016,0:00:00,10.9,5.8,2,220.5,SW,25.9,15.4,5.4,214.5,SW,91.4,0.5,0,18.3,-0.003,16.9,12.92
29/04/2016,1:00:00,5.6,3.7,1.2,275.8,W,9.3,7.1,3.7,277,W,94.2,0.5,0,16.3,-0.009,15.4,12.9
29/04/2016,2:00:00,4.1,3,0.7,273.8,W,13.6,4.7,2.9,274,W,96.5,0.5,0,14.5,-0.012,13.9,12.88
29/04/2016,3:00:00,5.3,3.7,0.6,278,W,8.6,5.9,3.7,278.1,W,98.2,0.5,0,13.6,-0.012,13.3,12.86
29/04/2016,4:00:00,4.7,2,1.1,280,W,30,4.7,1.9,302.8,WNW,99,0.5,0,13.3,-0.014,13.1,12.82
29/04/2016,5:00:00,5.1,3.7,0.7,285.2,WNW,8.2,5.9,3.6,285,WNW,99.9,0.5,0,13.4,-0.013,13.4,12.79
29/04/2016,6:00:00,5,3.9,0.6,278,W,10.3,7.1,3.8,278.8,W,100,0.5,0,13,-0.013,13,12.77
29/04/2016,7:00:00,6.8,3.9,1.2,265.2,W,15.5,8.3,3.8,265.3,W,100,33,0,13.4,-0.004,13.3,12.75
29/04/2016,8:00:00,10.2,7.6,1.2,249.5,WSW,13,11.8,7.4,249.1,WSW,99,187.2,0,16.5,0.065,16.3,13.67
29/04/2016,9:00:00,18,10.7,2.4,210.9,SSW,17.6,22.5,10.2,209.6,SSW,89,383,0,20.5,0.196,18.6,13.81
29/04/2016,10:00:00,21.3,14.4,2.2,199.9,SSW,16,26,13.8,199.7,SSW,77.7,557.3,0,23.6,0.332,19.5,13.79
29/04/2016,11:00:00,19.8,15,2.7,192.6,SSW,17.5,26,14.3,192.8,SSW,71.5,678.9,0,25.6,0.435,20.1,13.79
29/04/2016,12:00:00,17.6,13.5,2.1,205.7,SSW,18.9,22.5,12.8,206.3,SSW,69,564.6,0,26.4,0.403,20.3,13.79
29/04/2016,13:00:00,18.6,12.6,3.3,210,SSW,21.1,24.9,11.9,210.8,SSW,66.8,580.2,0,27,0.418,20.3,13.79
29/04/2016,14:00:00,21.1,15.1,2.8,207.8,SSW,17.7,27.2,14.5,208,SSW,66.4,435.9,0,27.1,0.349,20.3,13.79
29/04/2016,15:00:00,20.4,16.2,1.9,197.3,SSW,12.8,26,15.8,197.3,SSW,68.5,257.1,0,26.4,0.242,20.1,13.71
29/04/2016,16:00:00,19.8,15.6,2.5,197.1,SSW,12.6,27.2,15.2,197.2,SSW,69.6,207.3,0,26.1,0.205,20.1,13.57
29/04/2016,17:00:00,20.6,16.1,2,201.2,SSW,10.2,24.9,15.8,201.3,SSW,73.4,90.7,0,25.1,0.129,20,13.08
29/04/2016,18:00:00,21.8,15.8,2.4,200.1,SSW,10.2,27.2,15.6,199.9,SSW,80.2,6.4,0,23.3,0.05,19.7,13.02
29/04/2016,19:00:00,17.3,12.1,1.9,204.8,SSW,9.7,21.3,11.9,204.9,SSW,86.8,0.5,0,21.5,0.019,19.2,13
29/04/2016,20:00:00,13.1,10.3,1.3,208.2,SSW,9.5,17.8,10.2,208.2,SSW,90,0.5,0,20.6,0.008,18.9,13
29/04/2016,21:00:00,14.7,10.1,1.4,212.3,SSW,9.7,17.8,9.9,212.3,SSW,92.4,0.5,0,20,0.003,18.7,12.98
29/04/2016,22:00:00,13,9.5,1.5,202.3,SSW,10.2,17.8,9.4,202.6,SSW,94.3,0.5,0,19.8,-0.001,18.8,12.98
29/04/2016,23:00:00,11.7,7.7,1.4,206,SSW,10.2,15.4,7.6,206,SSW,95.1,0.5,0,19.6,-0.005,18.8,12.96
30/04/2016,0:00:00,8.9,6.1,1.1,196.6,SSW,9.2,10.6,6,196.5,SSW,95.9,0.5,0,19.1,-0.007,18.5,12.94
30/04/2016,1:00:00,8.4,4.1,1.2,228.2,SW,19.9,10.6,3.9,224.5,SW,97.1,0.5,0,18.4,-0.011,18,12.92
30/04/2016,2:00:00,4.6,3.6,0.6,276.2,W,9.9,4.7,3.5,276.6,W,98.9,0.5,0,16.3,-0.013,16.1,12.9
30/04/2016,3:00:00,4.8,3.3,0.6,251,WSW,16.2,5.9,3.1,250.5,WSW,100,0.5,0,15.7,-0.013,15.7,12.86
30/04/2016,4:00:00,4.7,2.9,0.7,137.5,SE,91.5,5.9,0.6,73.6,ENE,100,0.5,0,15.6,-0.014,15.6,12.82
30/04/2016,5:00:00,4.4,2.3,1.3,222.4,SW,33.4,4.7,2,349.5,N,100,0.5,0,15,-0.014,15,12.81
30/04/2016,6:00:00,4.1,2.8,0.6,319.7,NW,18.7,4.7,2.6,319.7,NW,100,0.5,0,14.8,-0.014,14.8,12.77
30/04/2016,7:00:00,4.4,3,1.3,279.4,W,26,5.9,2.9,283.6,WNW,100,22.7,0,15.1,-0.007,15.1,12.77
30/04/2016,8:00:00,4.7,2.7,0.9,259.3,W,15.7,5.9,2.6,261.4,W,100,105.9,0,17,0.049,17,12.88
30/04/2016,9:00:00,11.9,6.9,1.8,230,SW,17.3,14.2,6.6,228,SW,95.7,309.6,0,20.8,0.163,20,13.44
30/04/2016,10:00:00,10.5,6.7,2.2,173.6,S,34.1,15.4,5.8,177.5,S,82.6,544.9,0,23.6,0.334,20.4,13.81
30/04/2016,11:00:00,12.4,6.1,2.3,146,SE,51.8,26,4.6,139.2,SE,72.9,676.8,0,26,0.454,20.7,13.79
30/04/2016,12:00:00,14.5,6.6,2.9,120.3,ESE,55.5,17.8,4.8,113.3,ESE,65.7,750.1,0,27.7,0.527,20.6,13.79
30/04/2016,13:00:00,12.8,6.6,2.4,167.8,SSE,68.5,16.6,3.8,174.9,S,60.3,766.8,0,28.9,0.557,20.4,13.79
30/04/2016,14:00:00,10.9,6.7,2.3,241.7,WSW,52.9,14.2,4.7,253.4,WSW,57.4,709.6,0,29.5,0.526,20.2,13.79
30/04/2016,15:00:00,12.1,5.9,2.7,171.6,S,46.6,15.4,4.7,170.3,S,55.5,440.8,0,29.7,0.355,19.9,13.67
30/04/2016,16:00:00,10.4,6.8,1.7,200.7,SSW,34.8,13,5.8,202.3,SSW,54.9,357.4,0,29.9,0.295,19.8,13.79
30/04/2016,17:00:00,9.8,7,1.5,196.4,SSW,19.8,11.8,6.6,194.1,SSW,57.9,93.8,0,28.5,0.131,19.4,13.08
30/04/2016,18:00:00,6.2,4.7,0.5,206.3,SSW,7.3,8.3,4.7,206.2,SSW,64.1,7.5,0,26.2,0.009,18.9,13.02
30/04/2016,19:00:00,11.1,6.7,2,197.6,SSW,8.8,13,6.6,197,SSW,67.3,0.5,0,25.2,0.036,18.7,13
30/04/2016,20:00:00,17.5,11.4,2.2,195.6,SSW,8.6,22.5,11.3,195.2,SSW,72.9,0.5,0,24.6,0.052,19.4,12.98
30/04/2016,21:00:00,17.7,12.7,2,184.8,S,8.4,21.3,12.6,185.3,S,82.3,0.5,0,23.4,0.034,20.2,12.96
30/04/2016,22:00:00,12.6,8.6,1.4,186.6,S,8.9,16.6,8.5,186.7,S,87,0.5,0,22.3,0.012,20,12.96
30/04/2016,23:00:00,9.3,5.4,1.4,197,SSW,12.3,13,5.3,196,SSW,90.4,0.5,0,21.3,-0.001,19.6,12.94
1/05/2016,0:00:00,5.3,3.5,0.6,242.9,WSW,12.5,5.9,3.4,241.9,WSW,93.6,0.5,0,19.4,-0.009,18.3,12.94
1/05/2016,1:00:00,4.7,3.7,0.6,244.5,WSW,9,5.9,3.6,245,WSW,96.3,0.5,0,18,-0.011,17.4,12.92
1/05/2016,2:00:00,5.7,3.4,0.7,250.1,WSW,31.5,8.3,2.9,246.3,WSW,96.8,0.5,0,18,-0.011,17.5,12.88
1/05/2016,3:00:00,5.6,4,0.8,260.3,W,7.9,5.9,4,260.6,W,98.9,0.5,0,16.9,-0.012,16.8,12.86
1/05/2016,4:00:00,5.3,2.9,1.3,253.8,WSW,25.2,7.1,2.7,253.3,WSW,100,0.5,0,17,-0.014,17,12.84
1/05/2016,5:00:00,4,2.6,1,277.8,W,13.1,4.7,2.5,277.6,W,100,0.5,0,16.2,-0.014,16.2,12.82
1/05/2016,6:00:00,2.7,0.9,0.9,237.3,WSW,54.2,3.5,0.8,285.9,WNW,100,0.5,0,15.3,-0.015,15.3,12.79
1/05/2016,7:00:00,4.7,1.3,1.1,111.4,ESE,25.2,5.9,1.1,32.3,NNE,100,25.9,0,15.1,-0.006,15.1,12.79
1/05/2016,8:00:00,3.7,2,1,136.2,SE,39.5,4.7,1.5,27.4,NNE,98.4,184.8,0,18.8,0.078,18.5,13.57
1/05/2016,9:00:00,8.4,5.5,1.6,152.3,SSE,30.9,11.8,4.9,6.6,N,89.8,379.5,0,22.1,0.214,20.3,13.81
1/05/2016,10:00:00,8.9,5,2,131.1,SE,65.1,11.8,3.3,98.2,E,83.1,557.1,0,24.3,0.352,21.2,13.79
1/05/2016,11:00:00,13,7,2.9,112.5,ESE,57.4,16.6,4.8,87.8,E,78,670.5,0,26.2,0.444,22,13.79
1/05/2016,12:00:00,14.1,6.9,3.2,146.8,SSE,75.1,17.8,3.7,76.2,ENE,70.3,714.3,0,28.1,0.51,22.2,13.79
1/05/2016,13:00:00,13,6.4,3,99,E,53.6,20.1,5,38.4,NE,64.9,538,0,29.1,0.406,21.8,13.79
1/05/2016,14:00:00,15,9.1,3,211.3,SSW,47.8,22.5,7,352.1,N,60.8,563.7,0,29.9,0.448,21.5,13.71
1/05/2016,15:00:00,14.9,8.2,2.5,144.2,SE,35.4,17.8,6.9,7.7,N,58.3,281.3,0,29.8,0.264,20.7,13.67
1/05/2016,16:00:00,15.8,9.1,3.2,255.1,WSW,30.7,20.1,8.1,333.6,NNW,56.2,271.7,0,30.1,0.264,20.4,13.79
1/05/2016,17:00:00,16.7,11.6,2.4,313.3,NW,13.3,22.5,11.3,338.9,NNW,54.7,106.2,0,29.8,0.182,19.7,13.2
1/05/2016,18:00:00,35.2,26.9,4.2,327.9,NNW,8.6,47.3,26.6,328.4,NNW,71.3,4.1,0,26,0.117,20.4,13.02
1/05/2016,19:00:00,25.8,17.7,3.7,320.1,NW,8.4,35.5,17.5,320.2,NW,73.6,0.5,0,24.5,0.077,19.5,13
1/05/2016,20:00:00,18,9,4.5,301.7,WNW,12.6,23.7,8.8,304.4,NW,74.6,0.5,0,23.5,0.037,18.8,13
1/05/2016,21:00:00,4.7,2.6,0.9,255.3,WSW,50.7,5.9,1.7,260.7,W,78.1,0.5,0,21.9,-0.002,17.9,12.98
1/05/2016,22:00:00,7.7,4.3,1.2,219.9,SW,16.3,9.5,4.2,220.4,SW,80.1,0.5,0,21.4,0.005,17.8,12.94
1/05/2016,23:00:00,5.4,3.3,1.2,167.1,SSE,38.7,5.9,2.8,174.3,S,82.5,0.5,0,19.8,-0.002,16.7,12.94
2/05/2016,0:00:00,5.3,2.7,1.3,169.4,S,71.8,5.9,1.2,35.5,NE,84.5,0.5,0,19.2,-0.006,16.5,12.92
2/05/2016,1:00:00,8.6,5.1,1.7,324.5,NW,11.6,10.6,5,339.4,NNW,85.5,0.5,0,18.7,0.001,16.2,12.9
2/05/2016,2:00:00,7.6,5.3,0.7,328,NNW,9.8,9.5,5.2,340.2,NNW,85,0.5,0,19,0.003,16.4,12.88
2/05/2016,3:00:00,7.8,5.5,0.9,323.2,NW,15.1,10.6,5.3,326.6,NNW,84.7,0.5,0,19,0.003,16.4,12.88
2/05/2016,4:00:00,8.4,4.5,1.5,303.4,WNW,20.3,10.6,4.3,310.6,NW,85.2,0.5,0,19,0,16.5,12.84
2/05/2016,5:00:00,2.5,1.1,0.7,242.7,WSW,56.5,3.5,0.6,283.7,WNW,86.9,0.5,0,18.3,-0.012,16.1,12.82
2/05/2016,6:00:00,4.4,3.1,0.8,231.4,SW,38,5.9,2.4,236.3,WSW,89.2,0.5,0,17.8,-0.007,16,12.81
2/05/2016,7:00:00,3.9,2.2,0.8,246.1,WSW,40.8,4.7,1.6,249.3,WSW,89,8.3,0,17.7,-0.007,15.9,12.79
2/05/2016,8:00:00,5.3,3.2,0.8,263,W,32.7,5.9,2.7,262.3,W,86.6,86.4,0,18.8,0.052,16.5,12.81
2/05/2016,9:00:00,5.6,2.8,1,223.9,SW,30,7.1,2.5,219.8,SW,79.7,209.9,0,21.2,0.135,17.5,13.18
2/05/2016,10:00:00,8.7,4.8,1.8,254.4,WSW,34.5,11.8,4.2,260.5,W,68.5,414,0,24.2,0.281,18,13.57
2/05/2016,11:00:00,11.3,7.4,1.9,248.4,WSW,27,15.4,6.6,247.1,WSW,54.7,450.3,0,27,0.356,17.2,13.67
2/05/2016,12:00:00,11.4,6.5,2.1,227.4,SW,35.9,15.4,5.5,228.4,SW,51.2,419.7,0,28.1,0.35,17,13.73
2/05/2016,13:00:00,10.5,6.3,1.7,209.6,SSW,27.5,15.4,5.6,209.5,SSW,50.6,299.6,0,28.2,0.278,17,13.75
2/05/2016,14:00:00,11.5,6.2,2,173.1,S,29.2,14.2,5.6,176.8,S,47.5,296.3,0,28.6,0.282,16.4,13.67
2/05/2016,15:00:00,8.9,4.6,1.9,94.6,E,39.6,10.6,3.9,92.8,E,47.8,140.3,0,28.6,0.168,16.4,13.3
2/05/2016,16:00:00,9.2,7,1.1,83.9,E,13.8,11.8,6.8,84.1,E,49.6,66.9,0,28.2,0.144,16.7,13.08
2/05/2016,17:00:00,10.1,7.2,1.3,59.9,ENE,13.8,13,7,60,ENE,52.5,28.6,0,27.4,0.114,16.8,13.02
2/05/2016,18:00:00,30.9,15.2,7.5,196,SSW,19.2,39,14.5,349.4,N,71.1,1.7,0,23.1,0.069,17.3,13.02
2/05/2016,19:00:00,14.4,11.3,1.8,310.1,NW,13.3,20.1,11,311.3,NW,95.2,0.5,0.4,18.6,-0.001,17.8,12.98
2/05/2016,20:00:00,12.6,8.4,1.5,253.4,WSW,15.1,15.4,8.1,253,WSW,98,0.5,0,17.8,-0.008,17.5,12.96
2/05/2016,21:00:00,10.8,5.2,2.1,288.9,WNW,32.2,13,4.5,328,NNW,99.4,0.5,0.8,17.6,-0.012,17.5,12.94
2/05/2016,22:00:00,8.8,5.1,1.5,264,W,26.6,10.6,4.8,274.1,W,100,0.5,0,17.3,-0.013,17.3,12.92
2/05/2016,23:00:00,5,1.3,1.4,193.9,SSW,84.7,5.9,0.7,208.5,SSW,100,0.5,0.2,16.8,-0.014,16.8,12.9
3/05/2016,0:00:00,6.7,3.7,1.5,122.9,ESE,50.3,9.5,2.6,126.4,SE,100,0.5,0,17,-0.013,17,12.88
3/05/2016,1:00:00,4.3,2.2,1.3,78.6,ENE,49.8,4.7,1.6,65.5,ENE,100,0.5,0.2,16.8,-0.014,16.8,12.86
3/05/2016,2:00:00,5,3.2,1.5,147.1,SSE,62.7,5.9,2.2,106.8,ESE,100,0.5,0,16.8,-0.013,16.8,12.82
3/05/2016,3:00:00,4,1.8,1.1,246.9,WSW,76.7,4.7,0.9,324.1,NW,100,0.5,0,16.9,-0.014,16.9,12.81
3/05/2016,4:00:00,4.4,2.3,1,135.8,SE,30.2,5.9,2.1,127.3,SE,100,0.5,0,17.1,-0.014,17.1,12.79
3/05/2016,5:00:00,3.5,2.3,0.7,126.6,SE,24.4,4.7,2.1,124.5,SE,100,0.5,0,17.3,-0.014,17.3,12.77
3/05/2016,6:00:00,2.8,1.7,0.5,73.7,ENE,33.7,3.5,1.5,76.1,ENE,100,0.5,0,17.4,-0.014,17.4,12.77
3/05/2016,7:00:00,2.1,0.6,0.5,85.1,E,43.8,2.4,0.5,88.3,E,100,13.6,0,17.5,-0.01,17.5,12.77
3/05/2016,8:00:00,5,2.6,1,125.1,SE,26.7,5.9,2.4,124.8,SE,100,54.7,0,18.2,0.033,18.2,12.77
3/05/2016,9:00:00,5.1,2.4,1.3,152.6,SSE,65.9,7.1,1.5,151.6,SSE,100,143.2,0,19.4,0.088,19.4,12.96
3/05/2016,10:00:00,8.5,4.5,1.4,52,NE,21.7,10.6,4.2,44.3,NE,98.1,210.2,0,20.8,0.129,20.5,13.2
3/05/2016,11:00:00,9.8,6.8,1.5,61.3,ENE,25.6,11.8,6.2,54.2,NE,89.2,484.3,0,22.5,0.29,20.6,13.51
3/05/2016,12:00:00,11.9,7,2.1,104.6,ESE,50.6,17.8,5,86.6,E,75,754.6,0,24.9,0.496,20.2,13.63
3/05/2016,13:00:00,13.8,7.5,3.2,81.3,E,41.1,18.9,6.2,48.4,NE,72.4,630.9,0,26,0.429,20.6,13.73
3/05/2016,14:00:00,17.6,11.1,2.8,56.6,ENE,27.1,22.5,9.9,42.7,NE,67.6,546.7,0,26.8,0.391,20.3,13.51
3/05/2016,15:00:00,20.7,13.7,3,56.1,NE,23.6,27.2,12.6,47.4,NE,58.8,539.2,0,28.2,0.419,19.3,13.69
3/05/2016,16:00:00,19.6,10.9,2.5,64.4,ENE,24.9,26,10,37.3,NE,59.7,250.1,0,27.2,0.24,18.7,13.61
3/05/2016,17:00:00,16.1,10.4,2,57.9,ENE,19.7,23.7,9.8,44.2,NE,64.6,69.6,0,25.5,0.122,18.3,13.08
3/05/2016,18:00:00,13.6,9.3,1.8,55.6,NE,11.4,18.9,9.1,55.9,NE,71.4,3.9,0,23.9,0.013,18.5,13.02
3/05/2016,19:00:00,8.8,5.4,1.1,61.2,ENE,15.2,11.8,5.2,60,ENE,75.4,0.5,0,22.5,0.015,18,13
3/05/2016,20:00:00,9.7,4.8,1.8,207.1,SSW,44.9,11.8,3.7,340.2,NNW,79.2,0.5,0,21.6,0.008,17.8,12.98
3/05/2016,21:00:00,8.2,5.9,1.1,313.7,NW,9.9,9.5,5.8,313.3,NW,83,0.5,0,20.7,0.008,17.7,12.96
3/05/2016,22:00:00,6.3,4.5,0.7,302.9,WNW,10.7,8.3,4.4,303.3,WNW,86.4,0.5,0,19.8,-0.001,17.4,12.96
3/05/2016,23:00:00,5.4,3.3,1,262.5,W,31.6,7.1,2.8,268.3,W,90.3,0.5,0,18.2,-0.007,16.6,12.94
4/05/2016,0:00:00,3.5,1.8,0.7,170.1,S,34.1,4.7,1.4,175.9,S,93.6,0.5,0,16.6,-0.012,15.6,12.92
4/05/2016,1:00:00,2.9,1.3,0.7,211.1,SSW,28.5,3.5,1.2,207.9,SSW,96,0.5,0,16.3,-0.013,15.6,12.9
4/05/2016,2:00:00,4,2.4,0.8,267.8,W,43.1,4.7,1.8,277.8,W,97.3,0.5,0,16,-0.013,15.6,12.88
4/05/2016,3:00:00,4.3,3.1,0.6,310.1,NW,17.1,4.7,2.9,310.5,NW,97.3,0.5,0,16.2,-0.012,15.7,12.86
4/05/2016,4:00:00,4.8,2.7,1.1,258.9,W,21.1,5.9,2.5,336.4,NNW,98.2,0.5,0,16.2,-0.013,16,12.82
4/05/2016,5:00:00,4.8,2.9,0.8,217.9,SW,56.7,5.9,1.9,354.9,N,99.5,0.5,0,15.8,-0.013,15.7,12.81
4/05/2016,6:00:00,5.3,2.7,1.4,172.1,S,75.5,5.9,0.8,29.6,NNE,100,0.5,0,14.6,-0.014,14.6,12.79
4/05/2016,7:00:00,2.4,1.1,0.8,143.4,SE,65.4,3.5,0.6,47,NE,100,12,0,13.8,-0.011,13.8,12.77
4/05/2016,8:00:00,6.4,2.2,1.9,204.9,SSW,84.5,8.3,1.5,356.8,N,100,100.9,0,15.1,0.043,15,12.82
4/05/2016,9:00:00,13.7,8.8,2.3,318.3,NW,17.6,17.8,8.4,326.8,NNW,92.5,203.1,0,18.6,0.109,17.3,13.46
4/05/2016,10:00:00,17.7,12.6,2.4,308.5,NW,16.3,23.7,12.1,310.8,NW,74.7,553.5,0,20.9,0.31,16.3,13.57
4/05/2016,11:00:00,16.8,11.1,2.9,285.4,WNW,26.2,22.5,10.1,305.2,NW,61.8,683.5,0,22.6,0.427,14.9,13.81
\END OF DATA,,,,,,,,,,,,,,,,,,
